create database project9;
use project9;
CREATE TABLE Employees(
    employee_id INT PRIMARY KEY,
    first_name VARCHAR(50),
    last_name VARCHAR(50),
    gender VARCHAR(10),
    location VARCHAR(100),
    dob DATE,
    email VARCHAR(100) UNIQUE,
    phone VARCHAR(15),
    hire_date DATE,
    department VARCHAR(50),
    designation VARCHAR(50),
    salary DECIMAL(10,2),
    status VARCHAR(10)
);
ALTER TABLE Employee RENAME COLUMN address TO location;


INSERT INTO Employees (
    employee_id, first_name, last_name, gender, location, dob, email, phone, hire_date, department, designation, salary, status
) VALUES
(101, 'Divya', 'Desai', 'Female', 'Andheri', '1991-07-02', 'divya.desai101@company.com', '9479608458', '2023-08-12', 'Operations', 'Assistant', 35053.14, 'Active'),
(102, 'Rohit', 'Chopra', 'Male', 'Kalbadevi', '1999-07-15', 'rohit.chopra102@company.com', '9891468251', '2023-07-24', 'Finance', 'Executive', 73000.84, 'Active'),
(103, 'Rohit', 'Naik', 'Male', 'Santacruz', '1990-12-02', 'rohit.naik103@company.com', '9317718930', '2023-09-13', 'Operations', 'Assistant', 33579.76, 'Active'),
(104, 'Sneha', 'Salvi', 'Female', 'Tilak Nagar', '1983-08-15', 'sneha.salvi104@company.com', '9184275390', '2024-11-23', 'Marketing', 'Analyst', 25364.3, 'Active'),
(105, 'Kavita', 'Patel', 'Female', 'Chembur', '1991-10-11', 'kavita.patel105@company.com', '9617857180', '2024-01-16', 'Operations', 'Assistant', 52078.72, 'Active'),
(106, 'Divya', 'Bose', 'Male', 'Bhayandar', '1992-09-18', 'divya.bose106@company.com', '9095875570', '2024-10-14', 'IT', 'Manager', 38939.62, 'Inactive'),
(107, 'Anjali', 'Rana', 'Female', 'Kandivali', '1980-06-18', 'anjali.rana107@company.com', '9889848001', '2023-09-12', 'Finance', 'Manager', 40201.32, 'Inactive'),
(108, 'Rohit', 'Mehta', 'Male', 'Virar', '1991-03-09', 'rohit.mehta108@company.com', '9843686337', '2023-02-26', 'HR', 'Executive', 62848.49, 'Inactive'),
(109, 'Meena', 'Rana', 'Female', 'Byculla', '1990-06-08', 'meena.rana109@company.com', '9009720780', '2023-07-04', 'Marketing', 'Manager', 50823.53, 'Inactive'),
(110, 'Anjali', 'Kapoor', 'Male', 'Vikhroli', '1988-09-23', 'anjali.kapoor110@company.com', '9362445444', '2023-02-28', 'Finance', 'Analyst', 53069.75, 'Active'),
(111, 'Pooja', 'Desai', 'Male', 'Govandi', '1980-06-14', 'pooja.desai111@company.com', '9853336580', '2023-07-03', 'Finance', 'Analyst', 57698.88, 'Inactive'),
(112, 'Anjali', 'Rana', 'Female', 'Matunga', '1984-07-11', 'anjali.rana112@company.com', '9127925347', '2024-10-13', 'Operations', 'Manager', 66208.81, 'Active'),
(113, 'Meena', 'Bose', 'Female', 'Borivali', '1992-08-16', 'meena.bose113@company.com', '9056249245', '2023-11-23', 'Marketing', 'Executive', 58959.15, 'Inactive'),
(114, 'Meena', 'Joshi', 'Female', 'Sewri', '1998-06-28', 'meena.joshi114@company.com', '9259942617', '2023-07-19', 'HR', 'Clerk', 41349.83, 'Active'),
(115, 'Divya', 'Joshi', 'Male', 'Grant Road', '1993-12-04', 'divya.joshi115@company.com', '9385674620', '2023-11-06', 'Operations', 'Executive', 28174.14, 'Inactive'),
(116, 'Neha', 'Sharma', 'Female', 'Lower Parel', '1998-10-23', 'neha.sharma116@company.com', '9975257524', '2024-08-21', 'Marketing', 'Clerk', 75908.56, 'Active'),
(117, 'Neha', 'Kapoor', 'Male', 'Colaba', '1980-11-27', 'neha.kapoor117@company.com', '9258568871', '2024-01-19', 'Finance', 'Clerk', 51669.64, 'Inactive'),
(118, 'Raj', 'Nair', 'Female', 'Tardeo', '1996-10-24', 'raj.nair118@company.com', '9870104067', '2023-09-16', 'Marketing', 'Clerk', 79217.34, 'Inactive'),
(119, 'Karan', 'Rana', 'Male', 'Mira Road', '1988-03-26', 'karan.rana119@company.com', '9322105054', '2023-01-13', 'Operations', 'Analyst', 53459.77, 'Inactive'),
(120, 'Rohit', 'Nair', 'Male', 'Mazgaon', '1990-07-03', 'rohit.nair120@company.com', '9141769705', '2023-10-21', 'IT', 'Manager', 66273.81, 'Active'),
(121, 'Meena', 'Desai', 'Female', 'Bhandup', '1983-07-22', 'meena.desai121@company.com', '9027978283', '2023-06-16', 'Marketing', 'Analyst', 52242.36, 'Inactive'),
(122, 'Meena', 'Mehta', 'Female', 'Mahalaxmi', '1998-01-01', 'meena.mehta122@company.com', '9379156748', '2024-12-21', 'Marketing', 'Assistant', 39146.54, 'Active'),
(123, 'Karan', 'Kapoor', 'Male', 'Antop Hill', '1980-08-08', 'karan.kapoor123@company.com', '9404948849', '2024-12-25', 'Marketing', 'Clerk', 58247.89, 'Active'),
(124, 'Rohit', 'Mehta', 'Female', 'Reay Road', '1997-01-18', 'rohit.mehta124@company.com', '9723411233', '2023-04-05', 'Operations', 'Manager', 67502.9, 'Inactive'),
(125, 'Divya', 'Iyer', 'Female', 'Bandra', '1992-06-18', 'divya.iyer125@company.com', '9161707397', '2024-09-15', 'Finance', 'Assistant', 78622.39, 'Inactive'),
(126, 'Meena', 'Kapoor', 'Male', 'Marine Lines', '2000-08-16', 'meena.kapoor126@company.com', '9318551937', '2023-08-27', 'Marketing', 'Clerk', 69531.14, 'Inactive'),
(127, 'Rohit', 'Kapoor', 'Male', 'Mulund', '1985-02-02', 'rohit.kapoor127@company.com', '9329620033', '2024-02-04', 'Operations', 'Assistant', 67681.28, 'Inactive'),
(128, 'Meena', 'Joshi', 'Male', 'Dongri', '1992-08-28', 'meena.joshi128@company.com', '9303938061', '2023-01-20', 'IT', 'Analyst', 35280.14, 'Inactive'),
(129, 'Neha', 'Joshi', 'Male', 'Cotton Green', '1998-08-27', 'neha.joshi129@company.com', '9175701349', '2023-02-23', 'IT', 'Manager', 49204.3, 'Active'),
(130, 'Anjali', 'Nair', 'Female', 'Vile Parle', '1986-04-24', 'anjali.nair130@company.com', '9526262817', '2024-04-15', 'Finance', 'Clerk', 26551.14, 'Active'),
(131, 'Karan', 'Joshi', 'Male', 'Churchgate', '1983-05-11', 'karan.joshi131@company.com', '9080065396', '2023-05-17', 'Finance', 'Executive', 57516.35, 'Inactive'),
(132, 'Sneha', 'Sharma', 'Male', 'Parel', '1985-02-03', 'sneha.sharma132@company.com', '9570845577', '2023-05-03', 'IT', 'Clerk', 77350.81, 'Active'),
(133, 'Sneha', 'Sharma', 'Female', 'Masjid Bunder', '1981-07-19', 'sneha.sharma133@company.com', '9077779917', '2024-11-07', 'HR', 'Executive', 57628.96, 'Active'),
(134, 'Raj', 'Rana', 'Female', 'Kalyan', '1994-02-15', 'raj.rana134@company.com', '9001479263', '2024-03-01', 'Operations', 'Manager', 52188.65, 'Active'),
(135, 'Neha', 'Bose', 'Male', 'Sion', '1987-02-07', 'neha.bose135@company.com', '9493813154', '2023-11-18', 'IT', 'Executive', 56224.39, 'Active'),
(136, 'Sneha', 'Joshi', 'Female', 'Charni Road', '1998-01-23', 'sneha.joshi136@company.com', '9010222124', '2024-08-25', 'HR', 'Analyst', 71827.56, 'Inactive'),
(137, 'Sneha', 'Sharma', 'Male', 'Nahur', '1995-08-03', 'sneha.sharma137@company.com', '9590744091', '2023-02-18', 'Finance', 'Executive', 74807.32, 'Active'),
(138, 'Raj', 'Joshi', 'Female', 'Powai', '1987-04-03', 'raj.joshi138@company.com', '9925298976', '2023-06-12', 'Marketing', 'Manager', 55256.38, 'Inactive'),
(139, 'Amit', 'Sharma', 'Male', 'Kurla', '1997-04-21', 'amit.sharma139@company.com', '9848086785', '2024-10-17', 'Marketing', 'Clerk', 66429.99, 'Active'),
(140, 'Karan', 'Iyer', 'Female', 'Fort', '1984-05-03', 'karan.iyer140@company.com', '9815942333', '2023-10-25', 'Operations', 'Clerk', 43919.46, 'Active'),
(141, 'Amit', 'Bose', 'Female', 'Goregaon', '1999-07-17', 'amit.bose141@company.com', '9966301022', '2023-09-06', 'HR', 'Manager', 35663.01, 'Active'),
(142, 'Raj', 'Mehta', 'Female', 'Dharavi', '1990-05-16', 'raj.mehta142@company.com', '9432171196', '2024-05-16', 'HR', 'Manager', 27292.69, 'Active'),
(143, 'Divya', 'Kapoor', 'Female', 'Vasai', '2000-06-06', 'divya.kapoor143@company.com', '9092787122', '2024-08-25', 'Marketing', 'Analyst', 66480.48, 'Active'),
(144, 'Meena', 'Sharma', 'Male', 'Malad', '1992-11-02', 'meena.sharma144@company.com', '9465016673', '2024-08-24', 'IT', 'Assistant', 38692.97, 'Active'),
(145, 'Sneha', 'Sharma', 'Female', 'Dadar', '1992-05-20', 'sneha.sharma145@company.com', '9442935429', '2024-06-03', 'HR', 'Executive', 67472.32, 'Active'),
(146, 'Anjali', 'Bose', 'Male', 'Ghatkopar', '1988-12-15', 'anjali.bose146@company.com', '9118403090', '2023-11-19', 'IT', 'Manager', 62108.58, 'Active'),
(147, 'Anjali', 'Desai', 'Male', 'Sandhurst Road', '1982-07-21', 'anjali.desai147@company.com', '9094910040', '2024-03-05', 'Operations', 'Clerk', 63259.89, 'Active'),
(148, 'Meena', 'Joshi', 'Female', 'Wadala', '1996-04-09', 'meena.joshi148@company.com', '9569979344', '2023-04-02', 'Finance', 'Manager', 27391.17, 'Active'),
(149, 'Divya', 'Nair', 'Male', 'CST', '1993-03-24', 'divya.nair149@company.com', '9496930997', '2024-05-19', 'HR', 'Executive', 72224.56, 'Inactive'),
(150, 'Raj', 'Kapoor', 'Male', 'Jogeshwari', '1981-05-28', 'raj.kapoor150@company.com', '9880305158', '2023-02-13', 'Finance', 'Analyst', 53312.83, 'Inactive');

select * from employees;
CREATE TABLE Attendance (
    attendance_id INT PRIMARY KEY,
    employee_id INT NOT NULL,
    date DATE NOT NULL,
    status ENUM('Present', 'Absent', 'Half-Day', 'Leave') NOT NULL,
    check_in TIME,
    check_out TIME,
    FOREIGN KEY (employee_id) REFERENCES Employee(employee_id)
);

INSERT INTO Attendance (attendance_id, employee_id, date, status, check_in, check_out) VALUES
(1, 101, '2025-06-02', 'Present', '09:16:00', '17:10:00'),
(2, 101, '2025-06-03', 'Present', '09:17:00', '17:19:00'),
(3, 101, '2025-06-04', 'Present', '09:11:00', '17:28:00'),
(4, 101, '2025-06-05', 'Present', '09:10:00', '17:27:00'),
(5, 101, '2025-06-06', 'Present', '09:24:00', '17:20:00'),
(6, 101, '2025-06-09', 'Present', '09:23:00', '17:10:00'),
(7, 101, '2025-06-10', 'Present', '09:18:00', '17:17:00'),
(8, 101, '2025-06-11', 'Present', '09:24:00', '17:17:00'),
(9, 101, '2025-06-12', 'Leave', NULL, NULL),
(10, 101, '2025-06-13', 'Present', '09:30:00', '17:14:00'),
(11, 101, '2025-06-16', 'Present', '09:12:00', '17:00:00'),
(12, 101, '2025-06-17', 'Absent', NULL, NULL),
(13, 101, '2025-06-18', 'Half-Day', '09:00:00', '13:00:00'),
(14, 101, '2025-06-19', 'Present', '09:16:00', '17:04:00'),
(15, 101, '2025-06-20', 'Half-Day', '09:00:00', '13:00:00'),
(16, 101, '2025-06-23', 'Present', '09:09:00', '17:07:00'),
(17, 101, '2025-06-24', 'Present', '09:10:00', '17:00:00'),
(18, 101, '2025-06-25', 'Absent', NULL, NULL),
(19, 101, '2025-06-26', 'Leave', NULL, NULL),
(20, 101, '2025-06-27', 'Absent', NULL, NULL),
(21, 102, '2025-06-02', 'Leave', NULL, NULL),
(22, 102, '2025-06-03', 'Present', '09:18:00', '17:29:00'),
(23, 102, '2025-06-04', 'Present', '09:03:00', '17:01:00'),
(24, 102, '2025-06-05', 'Present', '09:04:00', '17:04:00'),
(25, 102, '2025-06-06', 'Present', '09:28:00', '17:18:00'),
(26, 102, '2025-06-09', 'Present', '09:08:00', '17:25:00'),
(27, 102, '2025-06-10', 'Present', '09:18:00', '17:12:00'),
(28, 102, '2025-06-11', 'Present', '09:06:00', '17:23:00'),
(29, 102, '2025-06-12', 'Present', '09:10:00', '17:25:00'),
(30, 102, '2025-06-13', 'Present', '09:15:00', '17:26:00'),
(31, 102, '2025-06-16', 'Leave', NULL, NULL),
(32, 102, '2025-06-17', 'Absent', NULL, NULL),
(33, 102, '2025-06-18', 'Absent', NULL, NULL),
(34, 102, '2025-06-19', 'Present', '09:20:00', '17:09:00'),
(35, 102, '2025-06-20', 'Present', '09:25:00', '17:18:00'),
(36, 102, '2025-06-23', 'Present', '09:24:00', '17:01:00'),
(37, 102, '2025-06-24', 'Leave', NULL, NULL),
(38, 102, '2025-06-25', 'Present', '09:28:00', '17:26:00'),
(39, 102, '2025-06-26', 'Present', '09:29:00', '17:27:00'),
(40, 102, '2025-06-27', 'Present', '09:24:00', '17:07:00'),
(41, 103, '2025-06-02', 'Absent', NULL, NULL),
(42, 103, '2025-06-03', 'Absent', NULL, NULL),
(43, 103, '2025-06-04', 'Leave', NULL, NULL),
(44, 103, '2025-06-05', 'Present', '09:20:00', '17:12:00'),
(45, 103, '2025-06-06', 'Present', '09:16:00', '17:01:00'),
(46, 103, '2025-06-09', 'Present', '09:18:00', '17:04:00'),
(47, 103, '2025-06-10', 'Present', '09:22:00', '17:07:00'),
(48, 103, '2025-06-11', 'Present', '09:21:00', '17:23:00'),
(49, 103, '2025-06-12', 'Half-Day', '09:00:00', '13:00:00'),
(50, 103, '2025-06-13', 'Half-Day', '09:00:00', '13:00:00'),
(51, 103, '2025-06-16', 'Absent', NULL, NULL),
(52, 103, '2025-06-17', 'Present', '09:02:00', '17:07:00'),
(53, 103, '2025-06-18', 'Present', '09:25:00', '17:12:00'),
(54, 103, '2025-06-19', 'Present', '09:10:00', '17:02:00'),
(55, 103, '2025-06-20', 'Present', '09:23:00', '17:01:00'),
(56, 103, '2025-06-23', 'Present', '09:08:00', '17:02:00'),
(57, 103, '2025-06-24', 'Present', '09:13:00', '17:24:00'),
(58, 103, '2025-06-25', 'Present', '09:24:00', '17:04:00'),
(59, 103, '2025-06-26', 'Present', '09:06:00', '17:15:00'),
(60, 103, '2025-06-27', 'Present', '09:18:00', '17:06:00'),
(61, 104, '2025-06-02', 'Present', '09:23:00', '17:16:00'),
(62, 104, '2025-06-03', 'Present', '09:02:00', '17:08:00'),
(63, 104, '2025-06-04', 'Absent', NULL, NULL),
(64, 104, '2025-06-05', 'Present', '09:29:00', '17:18:00'),
(65, 104, '2025-06-06', 'Present', '09:21:00', '17:13:00'),
(66, 104, '2025-06-09', 'Present', '09:11:00', '17:06:00'),
(67, 104, '2025-06-10', 'Present', '09:19:00', '17:20:00'),
(68, 104, '2025-06-11', 'Present', '09:09:00', '17:05:00'),
(69, 104, '2025-06-12', 'Half-Day', '09:00:00', '13:00:00'),
(70, 104, '2025-06-13', 'Present', '09:25:00', '17:14:00'),
(71, 104, '2025-06-16', 'Present', '09:14:00', '17:01:00'),
(72, 104, '2025-06-17', 'Leave', NULL, NULL),
(73, 104, '2025-06-18', 'Present', '09:21:00', '17:11:00'),
(74, 104, '2025-06-19', 'Present', '09:23:00', '17:27:00'),
(75, 104, '2025-06-20', 'Present', '09:23:00', '17:01:00'),
(76, 104, '2025-06-23', 'Present', '09:19:00', '17:29:00'),
(77, 104, '2025-06-24', 'Present', '09:26:00', '17:26:00'),
(78, 104, '2025-06-25', 'Present', '09:10:00', '17:22:00'),
(79, 104, '2025-06-26', 'Absent', NULL, NULL),
(80, 104, '2025-06-27', 'Present', '09:15:00', '17:00:00'),
(81, 105, '2025-06-02', 'Present', '09:23:00', '17:17:00'),
(82, 105, '2025-06-03', 'Present', '09:17:00', '17:16:00'),
(83, 105, '2025-06-04', 'Absent', NULL, NULL),
(84, 105, '2025-06-05', 'Present', '09:19:00', '17:23:00'),
(85, 105, '2025-06-06', 'Half-Day', '09:00:00', '13:00:00'),
(86, 105, '2025-06-09', 'Present', '09:21:00', '17:00:00'),
(87, 105, '2025-06-10', 'Present', '09:28:00', '17:21:00'),
(88, 105, '2025-06-11', 'Present', '09:08:00', '17:05:00'),
(89, 105, '2025-06-12', 'Present', '09:06:00', '17:25:00'),
(90, 105, '2025-06-13', 'Present', '09:08:00', '17:01:00'),
(91, 105, '2025-06-16', 'Present', '09:30:00', '17:00:00'),
(92, 105, '2025-06-17', 'Present', '09:21:00', '17:08:00'),
(93, 105, '2025-06-18', 'Present', '09:29:00', '17:21:00'),
(94, 105, '2025-06-19', 'Present', '09:03:00', '17:00:00'),
(95, 105, '2025-06-20', 'Present', '09:28:00', '17:20:00'),
(96, 105, '2025-06-23', 'Present', '09:12:00', '17:16:00'),
(97, 105, '2025-06-24', 'Half-Day', '09:00:00', '13:00:00'),
(98, 105, '2025-06-25', 'Present', '09:10:00', '17:15:00'),
(99, 105, '2025-06-26', 'Leave', NULL, NULL),
(100, 105, '2025-06-27', 'Present', '09:05:00', '17:06:00'),
(101, 106, '2025-06-02', 'Present', '09:14:00', '17:17:00'),
(102, 106, '2025-06-03', 'Leave', NULL, NULL),
(103, 106, '2025-06-04', 'Present', '09:07:00', '17:29:00'),
(104, 106, '2025-06-05', 'Present', '09:10:00', '17:15:00'),
(105, 106, '2025-06-06', 'Present', '09:05:00', '17:00:00'),
(106, 106, '2025-06-09', 'Present', '09:11:00', '17:11:00'),
(107, 106, '2025-06-10', 'Present', '09:07:00', '17:16:00'),
(108, 106, '2025-06-11', 'Present', '09:01:00', '17:20:00'),
(109, 106, '2025-06-12', 'Present', '09:12:00', '17:28:00'),
(110, 106, '2025-06-13', 'Half-Day', '09:00:00', '13:00:00'),
(111, 106, '2025-06-16', 'Half-Day', '09:00:00', '13:00:00'),
(112, 106, '2025-06-17', 'Leave', NULL, NULL),
(113, 106, '2025-06-18', 'Leave', NULL, NULL),
(114, 106, '2025-06-19', 'Present', '09:10:00', '17:28:00'),
(115, 106, '2025-06-20', 'Present', '09:04:00', '17:02:00'),
(116, 106, '2025-06-23', 'Absent', NULL, NULL),
(117, 106, '2025-06-24', 'Present', '09:21:00', '17:19:00'),
(118, 106, '2025-06-25', 'Leave', NULL, NULL),
(119, 106, '2025-06-26', 'Present', '09:13:00', '17:07:00'),
(120, 106, '2025-06-27', 'Present', '09:13:00', '17:09:00'),
(121, 107, '2025-06-02', 'Leave', NULL, NULL),
(122, 107, '2025-06-03', 'Present', '09:17:00', '17:04:00'),
(123, 107, '2025-06-04', 'Present', '09:04:00', '17:18:00'),
(124, 107, '2025-06-05', 'Present', '09:25:00', '17:06:00'),
(125, 107, '2025-06-06', 'Leave', NULL, NULL),
(126, 107, '2025-06-09', 'Present', '09:22:00', '17:28:00'),
(127, 107, '2025-06-10', 'Present', '09:04:00', '17:13:00'),
(128, 107, '2025-06-11', 'Half-Day', '09:00:00', '13:00:00'),
(129, 107, '2025-06-12', 'Half-Day', '09:00:00', '13:00:00'),
(130, 107, '2025-06-13', 'Present', '09:29:00', '17:18:00'),
(131, 107, '2025-06-16', 'Leave', NULL, NULL),
(132, 107, '2025-06-17', 'Present', '09:17:00', '17:17:00'),
(133, 107, '2025-06-18', 'Leave', NULL, NULL),
(134, 107, '2025-06-19', 'Present', '09:10:00', '17:26:00'),
(135, 107, '2025-06-20', 'Leave', NULL, NULL),
(136, 107, '2025-06-23', 'Absent', NULL, NULL),
(137, 107, '2025-06-24', 'Absent', NULL, NULL),
(138, 107, '2025-06-25', 'Leave', NULL, NULL),
(139, 107, '2025-06-26', 'Present', '09:13:00', '17:09:00'),
(140, 107, '2025-06-27', 'Present', '09:29:00', '17:26:00'),
(141, 108, '2025-06-02', 'Leave', NULL, NULL),
(142, 108, '2025-06-03', 'Leave', NULL, NULL),
(143, 108, '2025-06-04', 'Present', '09:24:00', '17:06:00'),
(144, 108, '2025-06-05', 'Present', '09:05:00', '17:00:00'),
(145, 108, '2025-06-06', 'Absent', NULL, NULL),
(146, 108, '2025-06-09', 'Present', '09:08:00', '17:19:00'),
(147, 108, '2025-06-10', 'Present', '09:07:00', '17:19:00'),
(148, 108, '2025-06-11', 'Present', '09:21:00', '17:00:00'),
(149, 108, '2025-06-12', 'Present', '09:22:00', '17:24:00'),
(150, 108, '2025-06-13', 'Present', '09:16:00', '17:27:00'),
(151, 108, '2025-06-16', 'Present', '09:22:00', '17:20:00'),
(152, 108, '2025-06-17', 'Present', '09:27:00', '17:12:00'),
(153, 108, '2025-06-18', 'Present', '09:04:00', '17:05:00'),
(154, 108, '2025-06-19', 'Present', '09:01:00', '17:13:00'),
(155, 108, '2025-06-20', 'Absent', NULL, NULL),
(156, 108, '2025-06-23', 'Present', '09:08:00', '17:30:00'),
(157, 108, '2025-06-24', 'Present', '09:23:00', '17:21:00'),
(158, 108, '2025-06-25', 'Half-Day', '09:00:00', '13:00:00'),
(159, 108, '2025-06-26', 'Absent', NULL, NULL),
(160, 108, '2025-06-27', 'Present', '09:29:00', '17:30:00'),
(161, 109, '2025-06-02', 'Half-Day', '09:00:00', '13:00:00'),
(162, 109, '2025-06-03', 'Leave', NULL, NULL),
(163, 109, '2025-06-04', 'Present', '09:10:00', '17:27:00'),
(164, 109, '2025-06-05', 'Present', '09:07:00', '17:13:00'),
(165, 109, '2025-06-06', 'Present', '09:01:00', '17:19:00'),
(166, 109, '2025-06-09', 'Absent', NULL, NULL),
(167, 109, '2025-06-10', 'Present', '09:10:00', '17:12:00'),
(168, 109, '2025-06-11', 'Present', '09:23:00', '17:18:00'),
(169, 109, '2025-06-12', 'Present', '09:16:00', '17:20:00'),
(170, 109, '2025-06-13', 'Leave', NULL, NULL),
(171, 109, '2025-06-16', 'Absent', NULL, NULL),
(172, 109, '2025-06-17', 'Present', '09:14:00', '17:14:00'),
(173, 109, '2025-06-18', 'Absent', NULL, NULL),
(174, 109, '2025-06-19', 'Present', '09:07:00', '17:16:00'),
(175, 109, '2025-06-20', 'Present', '09:23:00', '17:01:00'),
(176, 109, '2025-06-23', 'Present', '09:16:00', '17:24:00'),
(177, 109, '2025-06-24', 'Present', '09:01:00', '17:06:00'),
(178, 109, '2025-06-25', 'Present', '09:12:00', '17:28:00'),
(179, 109, '2025-06-26', 'Present', '09:26:00', '17:09:00'),
(180, 109, '2025-06-27', 'Present', '09:13:00', '17:09:00'),
(181, 110, '2025-06-02', 'Present', '09:01:00', '17:22:00'),
(182, 110, '2025-06-03', 'Present', '09:04:00', '17:14:00'),
(183, 110, '2025-06-04', 'Absent', NULL, NULL),
(184, 110, '2025-06-05', 'Present', '09:23:00', '17:16:00'),
(185, 110, '2025-06-06', 'Present', '09:24:00', '17:18:00'),
(186, 110, '2025-06-09', 'Leave', NULL, NULL),
(187, 110, '2025-06-10', 'Present', '09:04:00', '17:12:00'),
(188, 110, '2025-06-11', 'Present', '09:14:00', '17:00:00'),
(189, 110, '2025-06-12', 'Present', '09:18:00', '17:28:00'),
(190, 110, '2025-06-13', 'Absent', NULL, NULL),
(191, 110, '2025-06-16', 'Present', '09:14:00', '17:02:00'),
(192, 110, '2025-06-17', 'Present', '09:22:00', '17:20:00'),
(193, 110, '2025-06-18', 'Leave', NULL, NULL),
(194, 110, '2025-06-19', 'Absent', NULL, NULL),
(195, 110, '2025-06-20', 'Absent', NULL, NULL),
(196, 110, '2025-06-23', 'Present', '09:03:00', '17:22:00'),
(197, 110, '2025-06-24', 'Present', '09:11:00', '17:02:00'),
(198, 110, '2025-06-25', 'Present', '09:12:00', '17:23:00'),
(199, 110, '2025-06-26', 'Absent', NULL, NULL),
(200, 110, '2025-06-27', 'Present', '09:30:00', '17:05:00'),  
(201, 111, '2025-06-02', 'Present', '09:15:00', '17:12:00'),
(202, 111, '2025-06-03', 'Present', '09:18:00', '17:20:00'),
(203, 111, '2025-06-04', 'Present', '09:12:00', '17:25:00'),
(204, 111, '2025-06-05', 'Present', '09:11:00', '17:24:00'),
(205, 111, '2025-06-06', 'Present', '09:22:00', '17:18:00'),
(206, 111, '2025-06-09', 'Present', '09:20:00', '17:11:00'),
(207, 111, '2025-06-10', 'Present', '09:19:00', '17:15:00'),
(208, 111, '2025-06-11', 'Present', '09:23:00', '17:16:00'),
(209, 111, '2025-06-12', 'Leave', NULL, NULL),
(210, 111, '2025-06-13', 'Present', '09:28:00', '17:13:00'),
(211, 111, '2025-06-16', 'Present', '09:13:00', '17:01:00'),
(212, 111, '2025-06-17', 'Absent', NULL, NULL),
(213, 111, '2025-06-18', 'Half-Day', '09:00:00', '13:00:00'),
(214, 111, '2025-06-19', 'Present', '09:15:00', '17:03:00'),
(215, 111, '2025-06-20', 'Half-Day', '09:00:00', '13:00:00'),
(216, 111, '2025-06-23', 'Present', '09:08:00', '17:05:00'),
(217, 111, '2025-06-24', 'Present', '09:09:00', '17:01:00'),
(218, 111, '2025-06-25', 'Absent', NULL, NULL),
(219, 111, '2025-06-26', 'Leave', NULL, NULL),
(220, 111, '2025-06-27', 'Absent', NULL, NULL),

(221, 112, '2025-06-02', 'Leave', NULL, NULL),
(222, 112, '2025-06-03', 'Present', '09:17:00', '17:27:00'),
(223, 112, '2025-06-04', 'Present', '09:04:00', '17:02:00'),
(224, 112, '2025-06-05', 'Present', '09:05:00', '17:05:00'),
(225, 112, '2025-06-06', 'Present', '09:27:00', '17:17:00'),
(226, 112, '2025-06-09', 'Present', '09:07:00', '17:24:00'),
(227, 112, '2025-06-10', 'Present', '09:17:00', '17:11:00'),
(228, 112, '2025-06-11', 'Present', '09:07:00', '17:22:00'),
(229, 112, '2025-06-12', 'Present', '09:11:00', '17:24:00'),
(230, 112, '2025-06-13', 'Present', '09:16:00', '17:25:00'),
(231, 112, '2025-06-16', 'Leave', NULL, NULL),
(232, 112, '2025-06-17', 'Absent', NULL, NULL),
(233, 112, '2025-06-18', 'Absent', NULL, NULL),
(234, 112, '2025-06-19', 'Present', '09:19:00', '17:08:00'),
(235, 112, '2025-06-20', 'Present', '09:24:00', '17:17:00'),
(236, 112, '2025-06-23', 'Present', '09:23:00', '17:02:00'),
(237, 112, '2025-06-24', 'Leave', NULL, NULL),
(238, 112, '2025-06-25', 'Present', '09:27:00', '17:25:00'),
(239, 112, '2025-06-26', 'Present', '09:28:00', '17:26:00'),
(240, 112, '2025-06-27', 'Present', '09:23:00', '17:06:00'),

(241, 113, '2025-06-02', 'Present', '09:22:00', '17:15:00'),
(242, 113, '2025-06-03', 'Present', '09:03:00', '17:07:00'),
(243, 113, '2025-06-04', 'Absent', NULL, NULL),
(244, 113, '2025-06-05', 'Present', '09:28:00', '17:17:00'),
(245, 113, '2025-06-06', 'Present', '09:20:00', '17:12:00'),
(246, 113, '2025-06-09', 'Half-Day', '09:00:00', '13:00:00'),
(247, 113, '2025-06-10', 'Present', '09:20:00', '17:00:00'),
(248, 113, '2025-06-11', 'Present', '09:27:00', '17:20:00'),
(249, 113, '2025-06-12', 'Present', '09:07:00', '17:06:00'),
(250, 113, '2025-06-13', 'Present', '09:07:00', '17:24:00'),
(251, 113, '2025-06-16', 'Present', '09:29:00', '17:01:00'),
(252, 113, '2025-06-17', 'Present', '09:20:00', '17:07:00'),
(253, 113, '2025-06-18', 'Present', '09:28:00', '17:20:00'),
(254, 113, '2025-06-19', 'Present', '09:04:00', '17:01:00'),
(255, 113, '2025-06-20', 'Present', '09:27:00', '17:19:00'),
(256, 113, '2025-06-23', 'Present', '09:11:00', '17:15:00'),
(257, 113, '2025-06-24', 'Half-Day', '09:00:00', '13:00:00'),
(258, 113, '2025-06-25', 'Present', '09:09:00', '17:14:00'),
(259, 113, '2025-06-26', 'Leave', NULL, NULL),
(260, 113, '2025-06-27', 'Present', '09:06:00', '17:05:00'),

(261, 114, '2025-06-02', 'Present', '09:13:00', '17:16:00'),
(262, 114, '2025-06-03', 'Leave', NULL, NULL),
(263, 114, '2025-06-04', 'Present', '09:08:00', '17:28:00'),
(264, 114, '2025-06-05', 'Present', '09:09:00', '17:14:00'),
(265, 114, '2025-06-06', 'Present', '09:06:00', '17:01:00'),
(266, 114, '2025-06-09', 'Present', '09:10:00', '17:10:00'),
(267, 114, '2025-06-10', 'Present', '09:08:00', '17:15:00'),
(268, 114, '2025-06-11', 'Present', '09:02:00', '17:19:00'),
(269, 114, '2025-06-12', 'Present', '09:11:00', '17:27:00'),
(270, 114, '2025-06-13', 'Half-Day', '09:00:00', '13:00:00'),
(271, 114, '2025-06-16', 'Half-Day', '09:00:00', '13:00:00'),
(272, 114, '2025-06-17', 'Leave', NULL, NULL),
(273, 114, '2025-06-18', 'Leave', NULL, NULL),
(274, 114, '2025-06-19', 'Present', '09:09:00', '17:27:00'),
(275, 114, '2025-06-20', 'Present', '09:05:00', '17:03:00'),
(276, 114, '2025-06-23', 'Absent', NULL, NULL),
(277, 114, '2025-06-24', 'Present', '09:20:00', '17:18:00'),
(278, 114, '2025-06-25', 'Leave', NULL, NULL),
(279, 114, '2025-06-26', 'Present', '09:12:00', '17:06:00'),
(280, 114, '2025-06-27', 'Present', '09:12:00', '17:08:00'),

(281, 115, '2025-06-02', 'Leave', NULL, NULL),
(282, 115, '2025-06-03', 'Present', '09:16:00', '17:03:00'),
(283, 115, '2025-06-04', 'Present', '09:05:00', '17:17:00'),
(284, 115, '2025-06-05', 'Present', '09:24:00', '17:05:00'),
(285, 115, '2025-06-06', 'Leave', NULL, NULL),
(286, 115, '2025-06-09', 'Present', '09:21:00', '17:27:00'),
(287, 115, '2025-06-10', 'Present', '09:05:00', '17:12:00'),
(288, 115, '2025-06-11', 'Half-Day', '09:00:00', '13:00:00'),
(289, 115, '2025-06-12', 'Half-Day', '09:00:00', '13:00:00'),
(290, 115, '2025-06-13', 'Present', '09:28:00', '17:17:00'),
(291, 115, '2025-06-16', 'Leave', NULL, NULL),
(292, 115, '2025-06-17', 'Present', '09:16:00', '17:16:00'),
(293, 115, '2025-06-18', 'Leave', NULL, NULL),
(294, 115, '2025-06-19', 'Present', '09:09:00', '17:25:00'),
(295, 115, '2025-06-20', 'Leave', NULL, NULL),
(296, 115, '2025-06-23', 'Absent', NULL, NULL),
(297, 115, '2025-06-24', 'Absent', NULL, NULL),
(298, 115, '2025-06-25', 'Leave', NULL, NULL),
(299, 115, '2025-06-26', 'Present', '09:12:00', '17:08:00'),
(300, 115, '2025-06-27', 'Present', '09:28:00', '17:25:00'),

-- Employee 116
(301, 116, '2025-06-02', 'Present', '09:14:00', '17:16:00'),
(302, 116, '2025-06-03', 'Present', '09:17:00', '17:19:00'),
(303, 116, '2025-06-04', 'Present', '09:11:00', '17:25:00'),
(304, 116, '2025-06-05', 'Present', '09:10:00', '17:24:00'),
(305, 116, '2025-06-06', 'Present', '09:22:00', '17:17:00'),
(306, 116, '2025-06-09', 'Present', '09:20:00', '17:10:00'),
(307, 116, '2025-06-10', 'Present', '09:19:00', '17:14:00'),
(308, 116, '2025-06-11', 'Present', '09:23:00', '17:15:00'),
(309, 116, '2025-06-12', 'Leave', NULL, NULL),
(310, 116, '2025-06-13', 'Present', '09:28:00', '17:12:00'),
(311, 116, '2025-06-16', 'Present', '09:13:00', '17:00:00'),
(312, 116, '2025-06-17', 'Absent', NULL, NULL),
(313, 116, '2025-06-18', 'Half-Day', '09:00:00', '13:00:00'),
(314, 116, '2025-06-19', 'Present', '09:15:00', '17:02:00'),
(315, 116, '2025-06-20', 'Half-Day', '09:00:00', '13:00:00'),
(316, 116, '2025-06-23', 'Present', '09:08:00', '17:04:00'),
(317, 116, '2025-06-24', 'Present', '09:09:00', '17:00:00'),
(318, 116, '2025-06-25', 'Absent', NULL, NULL),
(319, 116, '2025-06-26', 'Leave', NULL, NULL),
(320, 116, '2025-06-27', 'Absent', NULL, NULL),

-- Employee 117
(321, 117, '2025-06-02', 'Leave', NULL, NULL),
(322, 117, '2025-06-03', 'Present', '09:17:00', '17:26:00'),
(323, 117, '2025-06-04', 'Present', '09:04:00', '17:01:00'),
(324, 117, '2025-06-05', 'Present', '09:05:00', '17:04:00'),
(325, 117, '2025-06-06', 'Present', '09:27:00', '17:16:00'),
(326, 117, '2025-06-09', 'Present', '09:07:00', '17:23:00'),
(327, 117, '2025-06-10', 'Present', '09:17:00', '17:10:00'),
(328, 117, '2025-06-11', 'Present', '09:07:00', '17:21:00'),
(329, 117, '2025-06-12', 'Present', '09:11:00', '17:23:00'),
(330, 117, '2025-06-13', 'Present', '09:16:00', '17:24:00'),
(331, 117, '2025-06-16', 'Leave', NULL, NULL),
(332, 117, '2025-06-17', 'Absent', NULL, NULL),
(333, 117, '2025-06-18', 'Absent', NULL, NULL),
(334, 117, '2025-06-19', 'Present', '09:19:00', '17:07:00'),
(335, 117, '2025-06-20', 'Present', '09:24:00', '17:16:00'),
(336, 117, '2025-06-23', 'Present', '09:23:00', '17:01:00'),
(337, 117, '2025-06-24', 'Leave', NULL, NULL),
(338, 117, '2025-06-25', 'Present', '09:27:00', '17:24:00'),
(339, 117, '2025-06-26', 'Present', '09:28:00', '17:25:00'),
(340, 117, '2025-06-27', 'Present', '09:23:00', '17:05:00'),

-- Employee 118
(341, 118, '2025-06-02', 'Present', '09:21:00', '17:14:00'),
(342, 118, '2025-06-03', 'Present', '09:03:00', '17:06:00'),
(343, 118, '2025-06-04', 'Absent', NULL, NULL),
(344, 118, '2025-06-05', 'Present', '09:28:00', '17:16:00'),
(345, 118, '2025-06-06', 'Present', '09:20:00', '17:11:00'),
(346, 118, '2025-06-09', 'Half-Day', '09:00:00', '13:00:00'),
(347, 118, '2025-06-10', 'Present', '09:20:00', '17:01:00'),
(348, 118, '2025-06-11', 'Present', '09:27:00', '17:19:00'),
(349, 118, '2025-06-12', 'Present', '09:07:00', '17:05:00'),
(350, 118, '2025-06-13', 'Present', '09:07:00', '17:23:00'),
(351, 118, '2025-06-16', 'Present', '09:29:00', '17:00:00'),
(352, 118, '2025-06-17', 'Present', '09:20:00', '17:06:00'),
(353, 118, '2025-06-18', 'Present', '09:28:00', '17:19:00'),
(354, 118, '2025-06-19', 'Present', '09:04:00', '17:00:00'),
(355, 118, '2025-06-20', 'Present', '09:27:00', '17:18:00'),
(356, 118, '2025-06-23', 'Present', '09:11:00', '17:14:00'),
(357, 118, '2025-06-24', 'Half-Day', '09:00:00', '13:00:00'),
(358, 118, '2025-06-25', 'Present', '09:09:00', '17:13:00'),
(359, 118, '2025-06-26', 'Leave', NULL, NULL),
(360, 118, '2025-06-27', 'Present', '09:06:00', '17:04:00'),

-- Employee 119
(361, 119, '2025-06-02', 'Present', '09:12:00', '17:15:00'),
(362, 119, '2025-06-03', 'Leave', NULL, NULL),
(363, 119, '2025-06-04', 'Present', '09:08:00', '17:27:00'),
(364, 119, '2025-06-05', 'Present', '09:09:00', '17:13:00'),
(365, 119, '2025-06-06', 'Present', '09:06:00', '17:00:00'),
(366, 119, '2025-06-09', 'Present', '09:10:00', '17:09:00'),
(367, 119, '2025-06-10', 'Present', '09:08:00', '17:14:00'),
(368, 119, '2025-06-11', 'Present', '09:02:00', '17:18:00'),
(369, 119, '2025-06-12', 'Present', '09:11:00', '17:26:00'),
(370, 119, '2025-06-13', 'Half-Day', '09:00:00', '13:00:00'),
(371, 119, '2025-06-16', 'Half-Day', '09:00:00', '13:00:00'),
(372, 119, '2025-06-17', 'Leave', NULL, NULL),
(373, 119, '2025-06-18', 'Leave', NULL, NULL),
(374, 119, '2025-06-19', 'Present', '09:09:00', '17:26:00'),
(375, 119, '2025-06-20', 'Present', '09:05:00', '17:02:00'),
(376, 119, '2025-06-23', 'Absent', NULL, NULL),
(377, 119, '2025-06-24', 'Present', '09:20:00', '17:17:00'),
(378, 119, '2025-06-25', 'Leave', NULL, NULL),
(379, 119, '2025-06-26', 'Present', '09:12:00', '17:05:00'),
(380, 119, '2025-06-27', 'Present', '09:12:00', '17:07:00'),

-- Employee 120
(381, 120, '2025-06-02', 'Leave', NULL, NULL),
(382, 120, '2025-06-03', 'Present', '09:16:00', '17:02:00'),
(383, 120, '2025-06-04', 'Present', '09:05:00', '17:16:00'),
(384, 120, '2025-06-05', 'Present', '09:24:00', '17:04:00'),
(385, 120, '2025-06-06', 'Leave', NULL, NULL),
(386, 120, '2025-06-09', 'Present', '09:21:00', '17:26:00'),
(387, 120, '2025-06-10', 'Present', '09:05:00', '17:11:00'),
(388, 120, '2025-06-11', 'Half-Day', '09:00:00', '13:00:00'),
(389, 120, '2025-06-12', 'Half-Day', '09:00:00', '13:00:00'),
(390, 120, '2025-06-13', 'Present', '09:28:00', '17:16:00'),
(391, 120, '2025-06-16', 'Leave', NULL, NULL),
(392, 120, '2025-06-17', 'Present', '09:16:00', '17:15:00'),
(393, 120, '2025-06-18', 'Leave', NULL, NULL),
(394, 120, '2025-06-19', 'Present', '09:09:00', '17:24:00'),
(395, 120, '2025-06-20', 'Leave', NULL, NULL),
(396, 120, '2025-06-23', 'Absent', NULL, NULL),
(397, 120, '2025-06-24', 'Absent', NULL, NULL),
(398, 120, '2025-06-25', 'Leave', NULL, NULL),
(399, 120, '2025-06-26', 'Present', '09:12:00', '17:07:00'),
(400, 120, '2025-06-27', 'Present', '09:28:00', '17:24:00');
select * from attendance;
INSERT INTO Attendance (attendance_id, employee_id, date, status, check_in, check_out) VALUES
(401, 121, '2025-06-02', 'Present', '09:14:00', '17:15:00'),
(402, 121, '2025-06-03', 'Present', '09:17:00', '17:18:00'),
(403, 121, '2025-06-04', 'Present', '09:11:00', '17:24:00'),
(404, 121, '2025-06-05', 'Present', '09:10:00', '17:23:00'),
(405, 121, '2025-06-06', 'Present', '09:22:00', '17:16:00'),
(406, 121, '2025-06-09', 'Present', '09:20:00', '17:09:00'),
(407, 121, '2025-06-10', 'Present', '09:19:00', '17:13:00'),
(408, 121, '2025-06-11', 'Present', '09:23:00', '17:14:00'),
(409, 121, '2025-06-12', 'Leave', NULL, NULL),
(410, 121, '2025-06-13', 'Present', '09:28:00', '17:11:00'),
(411, 121, '2025-06-16', 'Present', '09:13:00', '17:00:00'),
(412, 121, '2025-06-17', 'Absent', NULL, NULL),
(413, 121, '2025-06-18', 'Half-Day', '09:00:00', '13:00:00'),
(414, 121, '2025-06-19', 'Present', '09:15:00', '17:01:00'),
(415, 121, '2025-06-20', 'Half-Day', '09:00:00', '13:00:00'),
(416, 121, '2025-06-23', 'Present', '09:08:00', '17:03:00'),
(417, 121, '2025-06-24', 'Present', '09:09:00', '17:00:00'),
(418, 121, '2025-06-25', 'Absent', NULL, NULL),
(419, 121, '2025-06-26', 'Leave', NULL, NULL),
(420, 121, '2025-06-27', 'Absent', NULL, NULL),

-- Employee 122
(421, 122, '2025-06-02', 'Leave', NULL, NULL),
(422, 122, '2025-06-03', 'Present', '09:17:00', '17:25:00'),
(423, 122, '2025-06-04', 'Present', '09:04:00', '17:00:00'),
(424, 122, '2025-06-05', 'Present', '09:05:00', '17:03:00'),
(425, 122, '2025-06-06', 'Present', '09:27:00', '17:15:00'),
(426, 122, '2025-06-09', 'Present', '09:07:00', '17:22:00'),
(427, 122, '2025-06-10', 'Present', '09:17:00', '17:09:00'),
(428, 122, '2025-06-11', 'Present', '09:07:00', '17:20:00'),
(429, 122, '2025-06-12', 'Present', '09:11:00', '17:22:00'),
(430, 122, '2025-06-13', 'Present', '09:16:00', '17:23:00'),
(431, 122, '2025-06-16', 'Leave', NULL, NULL),
(432, 122, '2025-06-17', 'Absent', NULL, NULL),
(433, 122, '2025-06-18', 'Absent', NULL, NULL),
(434, 122, '2025-06-19', 'Present', '09:19:00', '17:06:00'),
(435, 122, '2025-06-20', 'Present', '09:24:00', '17:15:00'),
(436, 122, '2025-06-23', 'Present', '09:23:00', '17:00:00'),
(437, 122, '2025-06-24', 'Leave', NULL, NULL),
(438, 122, '2025-06-25', 'Present', '09:27:00', '17:23:00'),
(439, 122, '2025-06-26', 'Present', '09:28:00', '17:24:00'),
(440, 122, '2025-06-27', 'Present', '09:23:00', '17:04:00'),

-- Employee 123
(441, 123, '2025-06-02', 'Present', '09:21:00', '17:13:00'),
(442, 123, '2025-06-03', 'Present', '09:03:00', '17:05:00'),
(443, 123, '2025-06-04', 'Absent', NULL, NULL),
(444, 123, '2025-06-05', 'Present', '09:28:00', '17:15:00'),
(445, 123, '2025-06-06', 'Present', '09:20:00', '17:10:00'),
(446, 123, '2025-06-09', 'Half-Day', '09:00:00', '13:00:00'),
(447, 123, '2025-06-10', 'Present', '09:20:00', '17:00:00'),
(448, 123, '2025-06-11', 'Present', '09:27:00', '17:18:00'),
(449, 123, '2025-06-12', 'Present', '09:07:00', '17:04:00'),
(450, 123, '2025-06-13', 'Present', '09:07:00', '17:22:00'),
(451, 123, '2025-06-16', 'Present', '09:29:00', '17:00:00'),
(452, 123, '2025-06-17', 'Present', '09:20:00', '17:05:00'),
(453, 123, '2025-06-18', 'Present', '09:28:00', '17:18:00'),
(454, 123, '2025-06-19', 'Present', '09:04:00', '17:00:00'),
(455, 123, '2025-06-20', 'Present', '09:27:00', '17:17:00'),
(456, 123, '2025-06-23', 'Present', '09:11:00', '17:13:00'),
(457, 123, '2025-06-24', 'Half-Day', '09:00:00', '13:00:00'),
(458, 123, '2025-06-25', 'Present', '09:09:00', '17:12:00'),
(459, 123, '2025-06-26', 'Leave', NULL, NULL),
(460, 123, '2025-06-27', 'Present', '09:06:00', '17:03:00'),

-- Employee 124
(461, 124, '2025-06-02', 'Present', '09:12:00', '17:14:00'),
(462, 124, '2025-06-03', 'Leave', NULL, NULL),
(463, 124, '2025-06-04', 'Present', '09:08:00', '17:26:00'),
(464, 124, '2025-06-05', 'Present', '09:09:00', '17:12:00'),
(465, 124, '2025-06-06', 'Present', '09:06:00', '17:00:00'),
(466, 124, '2025-06-09', 'Present', '09:10:00', '17:08:00'),
(467, 124, '2025-06-10', 'Present', '09:08:00', '17:13:00'),
(468, 124, '2025-06-11', 'Present', '09:02:00', '17:17:00'),
(469, 124, '2025-06-12', 'Present', '09:11:00', '17:25:00'),
(470, 124, '2025-06-13', 'Half-Day', '09:00:00', '13:00:00'),
(471, 124, '2025-06-16', 'Half-Day', '09:00:00', '13:00:00'),
(472, 124, '2025-06-17', 'Leave', NULL, NULL),
(473, 124, '2025-06-18', 'Leave', NULL, NULL),
(474, 124, '2025-06-19', 'Present', '09:09:00', '17:25:00'),
(475, 124, '2025-06-20', 'Present', '09:05:00', '17:01:00'),
(476, 124, '2025-06-23', 'Absent', NULL, NULL),
(477, 124, '2025-06-24', 'Present', '09:20:00', '17:16:00'),
(478, 124, '2025-06-25', 'Leave', NULL, NULL),
(479, 124, '2025-06-26', 'Present', '09:12:00', '17:04:00'),
(480, 124, '2025-06-27', 'Present', '09:12:00', '17:06:00'),

-- Employee 125
(481, 125, '2025-06-02', 'Leave', NULL, NULL),
(482, 125, '2025-06-03', 'Present', '09:16:00', '17:01:00'),
(483, 125, '2025-06-04', 'Present', '09:05:00', '17:15:00'),
(484, 125, '2025-06-05', 'Present', '09:24:00', '17:03:00'),
(485, 125, '2025-06-06', 'Leave', NULL, NULL),
(486, 125, '2025-06-09', 'Present', '09:21:00', '17:25:00'),
(487, 125, '2025-06-10', 'Present', '09:05:00', '17:10:00'),
(488, 125, '2025-06-11', 'Half-Day', '09:00:00', '13:00:00'),
(489, 125, '2025-06-12', 'Half-Day', '09:00:00', '13:00:00'),
(490, 125, '2025-06-13', 'Present', '09:28:00', '17:15:00'),
(491, 125, '2025-06-16', 'Leave', NULL, NULL),
(492, 125, '2025-06-17', 'Present', '09:16:00', '17:14:00'),
(493, 125, '2025-06-18', 'Leave', NULL, NULL),
(494, 125, '2025-06-19', 'Present', '09:09:00', '17:23:00'),
(495, 125, '2025-06-20', 'Leave', NULL, NULL),
(496, 125, '2025-06-23', 'Absent', NULL, NULL),
(497, 125, '2025-06-24', 'Absent', NULL, NULL),
(498, 125, '2025-06-25', 'Leave', NULL, NULL),
(499, 125, '2025-06-26', 'Present', '09:12:00', '17:06:00'),
(500, 125, '2025-06-27', 'Present', '09:28:00', '17:23:00');
INSERT INTO Attendance (attendance_id, employee_id, date, status, check_in, check_out) VALUES
(501, 126, '2025-06-02', 'Present', '09:14:00', '17:14:00'),
(502, 126, '2025-06-03', 'Present', '09:17:00', '17:17:00'),
(503, 126, '2025-06-04', 'Present', '09:11:00', '17:23:00'),
(504, 126, '2025-06-05', 'Present', '09:10:00', '17:22:00'),
(505, 126, '2025-06-06', 'Present', '09:22:00', '17:15:00'),
(506, 126, '2025-06-09', 'Present', '09:20:00', '17:08:00'),
(507, 126, '2025-06-10', 'Present', '09:19:00', '17:12:00'),
(508, 126, '2025-06-11', 'Present', '09:23:00', '17:13:00'),
(509, 126, '2025-06-12', 'Leave', NULL, NULL),
(510, 126, '2025-06-13', 'Present', '09:28:00', '17:10:00'),
(511, 126, '2025-06-16', 'Present', '09:13:00', '17:00:00'),
(512, 126, '2025-06-17', 'Absent', NULL, NULL);

INSERT INTO Attendance (attendance_id, employee_id, date, status, check_in, check_out) VALUES
(513, 126, '2025-06-18', 'Half-Day', '09:00:00', '13:00:00'),

(514, 126, '2025-06-19', 'Present', '09:17:00', '17:09:00'),
(515, 126, '2025-06-20', 'Half-Day', '09:00:00', '13:00:00'),
(516, 126, '2025-06-23', 'Present', '09:10:00', '17:15:00'),
(517, 126, '2025-06-24', 'Absent', NULL, NULL),
(518, 126, '2025-06-25', 'Present', '09:21:00', '17:08:00'),
(519, 126, '2025-06-26', 'Leave', NULL, NULL),
(520, 126, '2025-06-27', 'Present', '09:19:00', '17:04:00'),
(521, 127, '2025-06-02', 'Present', '09:11:00', '17:08:00'),
(522, 127, '2025-06-03', 'Present', '09:07:00', '17:10:00'),
(523, 127, '2025-06-04', 'Leave', NULL, NULL),
(524, 127, '2025-06-05', 'Present', '09:22:00', '17:16:00'),
(525, 127, '2025-06-06', 'Present', '09:19:00', '17:11:00'),
(526, 127, '2025-06-09', 'Half-Day', '09:00:00', '13:00:00'),
(527, 127, '2025-06-10', 'Absent', NULL, NULL),
(528, 127, '2025-06-11', 'Present', '09:26:00', '17:02:00'),
(529, 127, '2025-06-12', 'Present', '09:10:00', '17:12:00'),
(530, 127, '2025-06-13', 'Leave', NULL, NULL),
(531, 127, '2025-06-16', 'Present', '09:04:00', '17:14:00'),
(532, 127, '2025-06-17', 'Present', '09:25:00', '17:00:00'),
(533, 127, '2025-06-18', 'Half-Day', '09:00:00', '13:00:00'),
(534, 127, '2025-06-19', 'Absent', NULL, NULL),
(535, 127, '2025-06-20', 'Present', '09:14:00', '17:10:00'),
(536, 127, '2025-06-23', 'Present', '09:23:00', '17:07:00'),
(537, 127, '2025-06-24', 'Leave', NULL, NULL),
(538, 127, '2025-06-25', 'Present', '09:15:00', '17:13:00'),
(539, 127, '2025-06-26', 'Present', '09:19:00', '17:09:00'),
(540, 127, '2025-06-27', 'Absent', NULL, NULL),

(541, 128, '2025-06-02', 'Present', '09:17:00', '17:06:00'),
(542, 128, '2025-06-03', 'Leave', NULL, NULL),
(543, 128, '2025-06-04', 'Present', '09:08:00', '17:15:00'),
(544, 128, '2025-06-05', 'Present', '09:14:00', '17:11:00'),
(545, 128, '2025-06-06', 'Absent', NULL, NULL),
(546, 128, '2025-06-09', 'Present', '09:12:00', '17:03:00'),
(547, 128, '2025-06-10', 'Half-Day', '09:00:00', '13:00:00'),
(548, 128, '2025-06-11', 'Present', '09:21:00', '17:12:00'),
(549, 128, '2025-06-12', 'Leave', NULL, NULL),
(550, 128, '2025-06-13', 'Present', '09:10:00', '17:17:00'),
(551, 128, '2025-06-16', 'Present', '09:16:00', '17:04:00'),
(552, 128, '2025-06-17', 'Present', '09:25:00', '17:29:00'),
(553, 128, '2025-06-18', 'Half-Day', '09:00:00', '13:00:00'),
(554, 128, '2025-06-19', 'Present', '09:13:00', '17:05:00'),
(555, 128, '2025-06-20', 'Absent', NULL, NULL),
(556, 128, '2025-06-23', 'Leave', NULL, NULL),
(557, 128, '2025-06-24', 'Present', '09:10:00', '17:20:00'),
(558, 128, '2025-06-25', 'Present', '09:15:00', '17:18:00'),
(559, 128, '2025-06-26', 'Present', '09:18:00', '17:07:00'),
(560, 128, '2025-06-27', 'Present', '09:12:00', '17:09:00'),

(561, 129, '2025-06-02', 'Leave', NULL, NULL),
(562, 129, '2025-06-03', 'Present', '09:07:00', '17:10:00'),
(563, 129, '2025-06-04', 'Absent', NULL, NULL),
(564, 129, '2025-06-05', 'Present', '09:09:00', '17:12:00'),
(565, 129, '2025-06-06', 'Present', '09:04:00', '17:14:00'),
(566, 129, '2025-06-09', 'Present', '09:08:00', '17:22:00'),
(567, 129, '2025-06-10', 'Half-Day', '09:00:00', '13:00:00'),
(568, 129, '2025-06-11', 'Present', '09:22:00', '17:15:00'),
(569, 129, '2025-06-12', 'Leave', NULL, NULL),
(570, 129, '2025-06-13', 'Present', '09:11:00', '17:05:00'),
(571, 129, '2025-06-16', 'Present', '09:23:00', '17:20:00'),
(572, 129, '2025-06-17', 'Present', '09:15:00', '17:17:00'),
(573, 129, '2025-06-18', 'Half-Day', '09:00:00', '13:00:00'),
(574, 129, '2025-06-19', 'Present', '09:05:00', '17:06:00'),
(575, 129, '2025-06-20', 'Present', '09:24:00', '17:19:00'),
(576, 129, '2025-06-23', 'Absent', NULL, NULL),
(577, 129, '2025-06-24', 'Leave', NULL, NULL),
(578, 129, '2025-06-25', 'Present', '09:13:00', '17:16:00'),
(579, 129, '2025-06-26', 'Present', '09:17:00', '17:12:00'),
(580, 129, '2025-06-27', 'Present', '09:16:00', '17:08:00'),

(581, 130, '2025-06-02', 'Present', '09:10:00', '17:09:00'),
(582, 130, '2025-06-03', 'Present', '09:19:00', '17:04:00'),
(583, 130, '2025-06-04', 'Present', '09:22:00', '17:07:00'),
(584, 130, '2025-06-05', 'Leave', NULL, NULL),
(585, 130, '2025-06-06', 'Absent', NULL, NULL),
(586, 130, '2025-06-09', 'Half-Day', '09:00:00', '13:00:00'),
(587, 130, '2025-06-10', 'Present', '09:08:00', '17:20:00'),
(588, 130, '2025-06-11', 'Present', '09:05:00', '17:16:00'),
(589, 130, '2025-06-12', 'Present', '09:14:00', '17:22:00'),
(590, 130, '2025-06-13', 'Half-Day', '09:00:00', '13:00:00'),
(591, 130, '2025-06-16', 'Present', '09:21:00', '17:00:00'),
(592, 130, '2025-06-17', 'Leave', NULL, NULL),
(593, 130, '2025-06-18', 'Present', '09:10:00', '17:10:00'),
(594, 130, '2025-06-19', 'Present', '09:08:00', '17:15:00'),
(595, 130, '2025-06-20', 'Present', '09:26:00', '17:19:00'),
(596, 130, '2025-06-23', 'Absent', NULL, NULL),
(597, 130, '2025-06-24', 'Present', '09:17:00', '17:10:00'),
(598, 130, '2025-06-25', 'Leave', NULL, NULL),
(599, 130, '2025-06-26', 'Present', '09:19:00', '17:04:00'),
(600, 130, '2025-06-27', 'Present', '09:21:00', '17:01:00'),


(601, 131, '2025-06-02', 'Present', '09:12:00', '17:15:00'),
(602, 131, '2025-06-03', 'Present', '09:18:00', '17:11:00'),
(603, 131, '2025-06-04', 'Leave', NULL, NULL),
(604, 131, '2025-06-05', 'Present', '09:15:00', '17:00:00'),
(605, 131, '2025-06-06', 'Half-Day', '09:00:00', '13:00:00'),
(606, 131, '2025-06-09', 'Present', '09:14:00', '17:07:00'),
(607, 131, '2025-06-10', 'Present', '09:09:00', '17:17:00'),
(608, 131, '2025-06-11', 'Present', '09:22:00', '17:12:00'),
(609, 131, '2025-06-12', 'Absent', NULL, NULL),
(610, 131, '2025-06-13', 'Leave', NULL, NULL),
(611, 131, '2025-06-16', 'Present', '09:20:00', '17:21:00'),
(612, 131, '2025-06-17', 'Half-Day', '09:00:00', '13:00:00'),
(613, 131, '2025-06-18', 'Present', '09:08:00', '17:06:00'),
(614, 131, '2025-06-19', 'Present', '09:11:00', '17:18:00'),
(615, 131, '2025-06-20', 'Present', '09:27:00', '17:13:00'),
(616, 131, '2025-06-23', 'Present', '09:10:00', '17:10:00'),
(617, 131, '2025-06-24', 'Absent', NULL, NULL),
(618, 131, '2025-06-25', 'Present', '09:19:00', '17:26:00'),
(619, 131, '2025-06-26', 'Present', '09:07:00', '17:05:00'),
(620, 131, '2025-06-27', 'Present', '09:13:00', '17:09:00'),
(621, 132, '2025-06-02', 'Leave', NULL, NULL),
(622, 132, '2025-06-03', 'Present', '09:24:00', '17:04:00'),
(623, 132, '2025-06-04', 'Absent', NULL, NULL),
(624, 132, '2025-06-05', 'Present', '09:10:00', '17:14:00'),
(625, 132, '2025-06-06', 'Present', '09:07:00', '17:20:00'),
(626, 132, '2025-06-09', 'Half-Day', '09:00:00', '13:00:00'),
(627, 132, '2025-06-10', 'Present', '09:18:00', '17:17:00'),
(628, 132, '2025-06-11', 'Leave', NULL, NULL),
(629, 132, '2025-06-12', 'Present', '09:13:00', '17:05:00'),
(630, 132, '2025-06-13', 'Present', '09:26:00', '17:10:00'),
(631, 132, '2025-06-16', 'Absent', NULL, NULL),
(632, 132, '2025-06-17', 'Present', '09:22:00', '17:06:00'),
(633, 132, '2025-06-18', 'Present', '09:25:00', '17:02:00'),
(634, 132, '2025-06-19', 'Half-Day', '09:00:00', '13:00:00'),
(635, 132, '2025-06-20', 'Present', '09:17:00', '17:09:00'),
(636, 132, '2025-06-23', 'Leave', NULL, NULL),
(637, 132, '2025-06-24', 'Present', '09:29:00', '17:27:00'),
(638, 132, '2025-06-25', 'Absent', NULL, NULL),
(639, 132, '2025-06-26', 'Present', '09:13:00', '17:04:00'),
(640, 132, '2025-06-27', 'Present', '09:10:00', '17:08:00'),


(641, 133, '2025-06-02', 'Present', '09:08:00', '17:11:00'),
(642, 133, '2025-06-03', 'Present', '09:15:00', '17:14:00'),
(643, 133, '2025-06-04', 'Half-Day', '09:00:00', '13:00:00'),
(644, 133, '2025-06-05', 'Absent', NULL, NULL),
(645, 133, '2025-06-06', 'Present', '09:16:00', '17:10:00'),
(646, 133, '2025-06-09', 'Leave', NULL, NULL),
(647, 133, '2025-06-10', 'Present', '09:19:00', '17:25:00'),
(648, 133, '2025-06-11', 'Present', '09:11:00', '17:20:00'),
(649, 133, '2025-06-12', 'Present', '09:10:00', '17:00:00'),
(650, 133, '2025-06-13', 'Absent', NULL, NULL),
(651, 133, '2025-06-16', 'Present', '09:14:00', '17:02:00'),
(652, 133, '2025-06-17', 'Present', '09:13:00', '17:06:00'),
(653, 133, '2025-06-18', 'Present', '09:20:00', '17:09:00'),
(654, 133, '2025-06-19', 'Leave', NULL, NULL),
(655, 133, '2025-06-20', 'Present', '09:12:00', '17:12:00'),
(656, 133, '2025-06-23', 'Present', '09:09:00', '17:04:00'),
(657, 133, '2025-06-24', 'Present', '09:18:00', '17:11:00'),
(658, 133, '2025-06-25', 'Leave', NULL, NULL),
(659, 133, '2025-06-26', 'Present', '09:08:00', '17:07:00'),
(660, 133, '2025-06-27', 'Half-Day', '09:00:00', '13:00:00'),

(661, 134, '2025-06-02', 'Leave', NULL, NULL),
(662, 134, '2025-06-03', 'Absent', NULL, NULL),
(663, 134, '2025-06-04', 'Present', '09:15:00', '17:06:00'),
(664, 134, '2025-06-05', 'Present', '09:25:00', '17:17:00'),
(665, 134, '2025-06-06', 'Present', '09:16:00', '17:20:00'),
(666, 134, '2025-06-09', 'Present', '09:14:00', '17:01:00'),
(667, 134, '2025-06-10', 'Present', '09:20:00', '17:02:00'),
(668, 134, '2025-06-11', 'Half-Day', '09:00:00', '13:00:00'),
(669, 134, '2025-06-12', 'Leave', NULL, NULL),
(670, 134, '2025-06-13', 'Present', '09:13:00', '17:14:00'),
(671, 134, '2025-06-16', 'Present', '09:16:00', '17:18:00'),
(672, 134, '2025-06-17', 'Absent', NULL, NULL),
(673, 134, '2025-06-18', 'Present', '09:23:00', '17:23:00'),
(674, 134, '2025-06-19', 'Present', '09:21:00', '17:04:00'),
(675, 134, '2025-06-20', 'Half-Day', '09:00:00', '13:00:00'),
(676, 134, '2025-06-23', 'Present', '09:17:00', '17:16:00'),
(677, 134, '2025-06-24', 'Present', '09:19:00', '17:15:00'),
(678, 134, '2025-06-25', 'Present', '09:10:00', '17:01:00'),
(679, 134, '2025-06-26', 'Leave', NULL, NULL),
(680, 134, '2025-06-27', 'Absent', NULL, NULL),


(681, 135, '2025-06-02', 'Present', '09:18:00', '17:09:00'),
(682, 135, '2025-06-03', 'Present', '09:21:00', '17:11:00'),
(683, 135, '2025-06-04', 'Half-Day', '09:00:00', '13:00:00'),
(684, 135, '2025-06-05', 'Present', '09:11:00', '17:12:00'),
(685, 135, '2025-06-06', 'Leave', NULL, NULL),
(686, 135, '2025-06-09', 'Present', '09:17:00', '17:20:00'),
(687, 135, '2025-06-10', 'Absent', NULL, NULL),
(688, 135, '2025-06-11', 'Present', '09:13:00', '17:16:00'),
(689, 135, '2025-06-12', 'Present', '09:09:00', '17:15:00'),
(690, 135, '2025-06-13', 'Present', '09:18:00', '17:08:00'),
(691, 135, '2025-06-16', 'Leave', NULL, NULL),
(692, 135, '2025-06-17', 'Present', '09:22:00', '17:10:00'),
(693, 135, '2025-06-18', 'Present', '09:14:00', '17:09:00'),
(694, 135, '2025-06-19', 'Absent', NULL, NULL),
(695, 135, '2025-06-20', 'Present', '09:24:00', '17:13:00'),
(696, 135, '2025-06-23', 'Half-Day', '09:00:00', '13:00:00'),
(697, 135, '2025-06-24', 'Leave', NULL, NULL),
(698, 135, '2025-06-25', 'Present', '09:12:00', '17:15:00'),
(699, 135, '2025-06-26', 'Present', '09:05:00', '17:11:00'),
(700, 135, '2025-06-27', 'Present', '09:06:00', '17:16:00'),

(701, 136, '2025-06-02', 'Present', '09:14:00', '17:10:00'),
(702, 136, '2025-06-03', 'Present', '09:20:00', '17:05:00'),
(703, 136, '2025-06-04', 'Absent', NULL, NULL),
(704, 136, '2025-06-05', 'Leave', NULL, NULL),
(705, 136, '2025-06-06', 'Half-Day', '09:00:00', '13:00:00'),
(706, 136, '2025-06-09', 'Present', '09:12:00', '17:12:00'),
(707, 136, '2025-06-10', 'Present', '09:19:00', '17:07:00'),
(708, 136, '2025-06-11', 'Present', '09:15:00', '17:13:00'),
(709, 136, '2025-06-12', 'Absent', NULL, NULL),
(710, 136, '2025-06-13', 'Present', '09:21:00', '17:16:00'),
(711, 136, '2025-06-16', 'Present', '09:10:00', '17:15:00'),
(712, 136, '2025-06-17', 'Leave', NULL, NULL),
(713, 136, '2025-06-18', 'Present', '09:09:00', '17:12:00'),
(714, 136, '2025-06-19', 'Present', '09:08:00', '17:10:00'),
(715, 136, '2025-06-20', 'Half-Day', '09:00:00', '13:00:00'),
(716, 136, '2025-06-23', 'Present', '09:13:00', '17:14:00'),
(717, 136, '2025-06-24', 'Absent', NULL, NULL),
(718, 136, '2025-06-25', 'Present', '09:16:00', '17:20:00'),
(719, 136, '2025-06-26', 'Present', '09:19:00', '17:11:00'),
(720, 136, '2025-06-27', 'Present', '09:18:00', '17:09:00'),

(721, 137, '2025-06-02', 'Leave', NULL, NULL),
(722, 137, '2025-06-03', 'Present', '09:14:00', '17:16:00'),
(723, 137, '2025-06-04', 'Present', '09:20:00', '17:19:00'),
(724, 137, '2025-06-05', 'Absent', NULL, NULL),
(725, 137, '2025-06-06', 'Half-Day', '09:00:00', '13:00:00'),
(726, 137, '2025-06-09', 'Present', '09:22:00', '17:14:00'),
(727, 137, '2025-06-10', 'Present', '09:19:00', '17:12:00'),
(728, 137, '2025-06-11', 'Leave', NULL, NULL),
(729, 137, '2025-06-12', 'Present', '09:15:00', '17:13:00'),
(730, 137, '2025-06-13', 'Present', '09:10:00', '17:11:00'),
(731, 137, '2025-06-16', 'Absent', NULL, NULL),
(732, 137, '2025-06-17', 'Present', '09:17:00', '17:07:00'),
(733, 137, '2025-06-18', 'Present', '09:12:00', '17:15:00'),
(734, 137, '2025-06-19', 'Present', '09:09:00', '17:10:00'),
(735, 137, '2025-06-20', 'Half-Day', '09:00:00', '13:00:00'),
(736, 137, '2025-06-23', 'Present', '09:21:00', '17:16:00'),
(737, 137, '2025-06-24', 'Present', '09:15:00', '17:12:00'),
(738, 137, '2025-06-25', 'Leave', NULL, NULL),
(739, 137, '2025-06-26', 'Present', '09:19:00', '17:11:00'),
(740, 137, '2025-06-27', 'Present', '09:16:00', '17:14:00'),

(741, 138, '2025-06-02', 'Present', '09:17:00', '17:19:00'),
(742, 138, '2025-06-03', 'Present', '09:18:00', '17:21:00'),
(743, 138, '2025-06-04', 'Absent', NULL, NULL),
(744, 138, '2025-06-05', 'Present', '09:13:00', '17:10:00'),
(745, 138, '2025-06-06', 'Present', '09:20:00', '17:16:00'),
(746, 138, '2025-06-09', 'Leave', NULL, NULL),
(747, 138, '2025-06-10', 'Present', '09:14:00', '17:08:00'),
(748, 138, '2025-06-11', 'Half-Day', '09:00:00', '13:00:00'),
(749, 138, '2025-06-12', 'Present', '09:16:00', '17:18:00'),
(750, 138, '2025-06-13', 'Present', '09:11:00', '17:12:00'),
(751, 138, '2025-06-16', 'Present', '09:15:00', '17:19:00'),
(752, 138, '2025-06-17', 'Absent', NULL, NULL),
(753, 138, '2025-06-18', 'Present', '09:20:00', '17:21:00'),
(754, 138, '2025-06-19', 'Present', '09:18:00', '17:16:00'),
(755, 138, '2025-06-20', 'Present', '09:14:00', '17:15:00'),
(756, 138, '2025-06-23', 'Leave', NULL, NULL),
(757, 138, '2025-06-24', 'Present', '09:20:00', '17:22:00'),
(758, 138, '2025-06-25', 'Absent', NULL, NULL),
(759, 138, '2025-06-26', 'Present', '09:16:00', '17:10:00'),
(760, 138, '2025-06-27', 'Present', '09:15:00', '17:17:00'),

(761, 139, '2025-06-02', 'Present', '09:13:00', '17:14:00'),
(762, 139, '2025-06-03', 'Absent', NULL, NULL),
(763, 139, '2025-06-04', 'Present', '09:19:00', '17:16:00'),
(764, 139, '2025-06-05', 'Present', '09:22:00', '17:20:00'),
(765, 139, '2025-06-06', 'Leave', NULL, NULL),
(766, 139, '2025-06-09', 'Present', '09:14:00', '17:18:00'),
(767, 139, '2025-06-10', 'Present', '09:10:00', '17:12:00'),
(768, 139, '2025-06-11', 'Present', '09:16:00', '17:14:00'),
(769, 139, '2025-06-12', 'Half-Day', '09:00:00', '13:00:00'),
(770, 139, '2025-06-13', 'Present', '09:18:00', '17:16:00'),
(771, 139, '2025-06-16', 'Present', '09:21:00', '17:19:00'),
(772, 139, '2025-06-17', 'Present', '09:19:00', '17:20:00'),
(773, 139, '2025-06-18', 'Absent', NULL, NULL),
(774, 139, '2025-06-19', 'Present', '09:12:00', '17:11:00'),
(775, 139, '2025-06-20', 'Present', '09:15:00', '17:13:00'),
(776, 139, '2025-06-23', 'Leave', NULL, NULL),
(777, 139, '2025-06-24', 'Present', '09:18:00', '17:15:00'),
(778, 139, '2025-06-25', 'Present', '09:16:00', '17:17:00'),
(779, 139, '2025-06-26', 'Present', '09:14:00', '17:18:00'),
(780, 139, '2025-06-27', 'Present', '09:20:00', '17:21:00'),

(781, 140, '2025-06-02', 'Absent', NULL, NULL),
(782, 140, '2025-06-03', 'Present', '09:16:00', '17:12:00'),
(783, 140, '2025-06-04', 'Present', '09:19:00', '17:20:00'),
(784, 140, '2025-06-05', 'Leave', NULL, NULL),
(785, 140, '2025-06-06', 'Half-Day', '09:00:00', '13:00:00'),
(786, 140, '2025-06-09', 'Present', '09:14:00', '17:16:00'),
(787, 140, '2025-06-10', 'Present', '09:11:00', '17:15:00'),
(788, 140, '2025-06-11', 'Absent', NULL, NULL),
(789, 140, '2025-06-12', 'Present', '09:17:00', '17:19:00'),
(790, 140, '2025-06-13', 'Present', '09:15:00', '17:11:00'),
(791, 140, '2025-06-16', 'Present', '09:19:00', '17:18:00'),
(792, 140, '2025-06-17', 'Present', '09:20:00', '17:16:00'),
(793, 140, '2025-06-18', 'Leave', NULL, NULL),
(794, 140, '2025-06-19', 'Present', '09:18:00', '17:15:00'),
(795, 140, '2025-06-20', 'Present', '09:22:00', '17:19:00'),
(796, 140, '2025-06-23', 'Absent', NULL, NULL),
(797, 140, '2025-06-24', 'Present', '09:16:00', '17:17:00'),
(798, 140, '2025-06-25', 'Present', '09:20:00', '17:18:00'),
(799, 140, '2025-06-26', 'Present', '09:19:00', '17:14:00'),
(800, 140, '2025-06-27', 'Present', '09:21:00', '17:20:00');


INSERT INTO Attendance (attendance_id, employee_id, date, status, check_in, check_out) VALUES
(801, 141, '2025-06-02', 'Present', '09:10:00', '17:15:00'),
(802, 141, '2025-06-03', 'Leave', NULL, NULL),
(803, 141, '2025-06-04', 'Present', '09:14:00', '17:09:00'),
(804, 141, '2025-06-05', 'Absent', NULL, NULL),
(805, 141, '2025-06-06', 'Half-Day', '09:00:00', '13:00:00'),
(806, 141, '2025-06-09', 'Present', '09:12:00', '17:10:00'),
(807, 141, '2025-06-10', 'Present', '09:11:00', '17:00:00'),
(808, 141, '2025-06-11', 'Present', '09:09:00', '17:05:00'),
(809, 141, '2025-06-12', 'Leave', NULL, NULL),
(810, 141, '2025-06-13', 'Present', '09:23:00', '17:02:00'),
(811, 141, '2025-06-16', 'Present', '09:18:00', '17:17:00'),
(812, 141, '2025-06-17', 'Absent', NULL, NULL),
(813, 141, '2025-06-18', 'Present', '09:27:00', '17:28:00'),
(814, 141, '2025-06-19', 'Half-Day', '09:00:00', '13:00:00'),
(815, 141, '2025-06-20', 'Present', '09:19:00', '17:16:00'),
(816, 141, '2025-06-23', 'Leave', NULL, NULL),
(817, 141, '2025-06-24', 'Present', '09:15:00', '17:08:00'),
(818, 141, '2025-06-25', 'Absent', NULL, NULL),
(819, 141, '2025-06-26', 'Present', '09:22:00', '17:21:00'),
(820, 141, '2025-06-27', 'Present', '09:06:00', '17:07:00'),

(821, 142, '2025-06-02', 'Present', '09:12:00', '17:10:00'),
(822, 142, '2025-06-03', 'Present', '09:11:00', '17:03:00'),
(823, 142, '2025-06-04', 'Absent', NULL, NULL),
(824, 142, '2025-06-05', 'Leave', NULL, NULL),
(825, 142, '2025-06-06', 'Present', '09:00:00', '17:25:00'),
(826, 142, '2025-06-09', 'Half-Day', '09:00:00', '13:00:00'),
(827, 142, '2025-06-10', 'Present', '09:10:00', '17:11:00'),
(828, 142, '2025-06-11', 'Leave', NULL, NULL),
(829, 142, '2025-06-12', 'Present', '09:08:00', '17:14:00'),
(830, 142, '2025-06-13', 'Present', '09:17:00', '17:18:00'),
(831, 142, '2025-06-16', 'Absent', NULL, NULL),
(832, 142, '2025-06-17', 'Present', '09:05:00', '17:00:00'),
(833, 142, '2025-06-18', 'Present', '09:23:00', '17:21:00'),
(834, 142, '2025-06-19', 'Half-Day', '09:00:00', '13:00:00'),
(835, 142, '2025-06-20', 'Present', '09:15:00', '17:10:00'),
(836, 142, '2025-06-23', 'Leave', NULL, NULL),
(837, 142, '2025-06-24', 'Present', '09:30:00', '17:19:00'),
(838, 142, '2025-06-25', 'Present', '09:11:00', '17:11:00'),
(839, 142, '2025-06-26', 'Absent', NULL, NULL),
(840, 142, '2025-06-27', 'Present', '09:27:00', '17:04:00'),




(841, 143, '2025-06-02', 'Leave', NULL, NULL),
(842, 143, '2025-06-03', 'Present', '09:08:00', '17:04:00'),
(843, 143, '2025-06-04', 'Present', '09:21:00', '17:15:00'),
(844, 143, '2025-06-05', 'Absent', NULL, NULL),
(845, 143, '2025-06-06', 'Half-Day', '09:00:00', '13:00:00'),
(846, 143, '2025-06-09', 'Present', '09:12:00', '17:18:00'),
(847, 143, '2025-06-10', 'Present', '09:19:00', '17:05:00'),
(848, 143, '2025-06-11', 'Leave', NULL, NULL),
(849, 143, '2025-06-12', 'Present', '09:13:00', '17:10:00'),
(850, 143, '2025-06-13', 'Present', '09:15:00', '17:08:00'),
(851, 143, '2025-06-16', 'Absent', NULL, NULL),
(852, 143, '2025-06-17', 'Present', '09:06:00', '17:20:00'),
(853, 143, '2025-06-18', 'Half-Day', '09:00:00', '13:00:00'),
(854, 143, '2025-06-19', 'Present', '09:26:00', '17:12:00'),
(855, 143, '2025-06-20', 'Present', '09:18:00', '17:17:00'),
(856, 143, '2025-06-23', 'Leave', NULL, NULL),
(857, 143, '2025-06-24', 'Present', '09:09:00', '17:25:00'),
(858, 143, '2025-06-25', 'Absent', NULL, NULL),
(859, 143, '2025-06-26', 'Present', '09:11:00', '17:03:00'),
(860, 143, '2025-06-27', 'Present', '09:08:00', '17:15:00'),

(861, 144, '2025-06-02', 'Present', '09:15:00', '17:19:00'),
(862, 144, '2025-06-03', 'Present', '09:18:00', '17:21:00'),
(863, 144, '2025-06-04', 'Present', '09:09:00', '17:06:00'),
(864, 144, '2025-06-05', 'Leave', NULL, NULL),
(865, 144, '2025-06-06', 'Present', '09:12:00', '17:02:00'),
(866, 144, '2025-06-09', 'Absent', NULL, NULL),
(867, 144, '2025-06-10', 'Present', '09:17:00', '17:08:00'),
(868, 144, '2025-06-11', 'Half-Day', '09:00:00', '13:00:00'),
(869, 144, '2025-06-12', 'Present', '09:20:00', '17:10:00'),
(870, 144, '2025-06-13', 'Leave', NULL, NULL),
(871, 144, '2025-06-16', 'Present', '09:14:00', '17:00:00'),
(872, 144, '2025-06-17', 'Present', '09:22:00', '17:11:00'),
(873, 144, '2025-06-18', 'Absent', NULL, NULL),
(874, 144, '2025-06-19', 'Present', '09:10:00', '17:05:00'),
(875, 144, '2025-06-20', 'Present', '09:06:00', '17:12:00'),
(876, 144, '2025-06-23', 'Present', '09:15:00', '17:09:00'),
(877, 144, '2025-06-24', 'Leave', NULL, NULL),
(878, 144, '2025-06-25', 'Present', '09:08:00', '17:03:00'),
(879, 144, '2025-06-26', 'Present', '09:10:00', '17:07:00'),
(880, 144, '2025-06-27', 'Absent', NULL, NULL),

(881, 145, '2025-06-02', 'Half-Day', '09:00:00', '13:00:00'),
(882, 145, '2025-06-03', 'Present', '09:14:00', '17:15:00'),
(883, 145, '2025-06-04', 'Present', '09:17:00', '17:20:00'),
(884, 145, '2025-06-05', 'Present', '09:12:00', '17:22:00'),
(885, 145, '2025-06-06', 'Absent', NULL, NULL),
(886, 145, '2025-06-09', 'Present', '09:06:00', '17:00:00'),
(887, 145, '2025-06-10', 'Leave', NULL, NULL),
(888, 145, '2025-06-11', 'Present', '09:21:00', '17:16:00'),
(889, 145, '2025-06-12', 'Present', '09:15:00', '17:03:00'),
(890, 145, '2025-06-13', 'Absent', NULL, NULL),
(891, 145, '2025-06-16', 'Present', '09:24:00', '17:24:00'),
(892, 145, '2025-06-17', 'Half-Day', '09:00:00', '13:00:00'),
(893, 145, '2025-06-18', 'Present', '09:11:00', '17:01:00'),
(894, 145, '2025-06-19', 'Present', '09:07:00', '17:04:00'),
(895, 145, '2025-06-20', 'Leave', NULL, NULL),
(896, 145, '2025-06-23', 'Present', '09:12:00', '17:13:00'),
(897, 145, '2025-06-24', 'Present', '09:25:00', '17:06:00'),
(898, 145, '2025-06-25', 'Present', '09:10:00', '17:07:00'),
(899, 145, '2025-06-26', 'Absent', NULL, NULL),
(900, 145, '2025-06-27', 'Present', '09:18:00', '17:20:00');
INSERT INTO Attendance (attendance_id, employee_id, date, status, check_in, check_out) VALUES
(901, 146, '2025-06-02', 'Present', '09:15:00', '17:10:00'),
(902, 146, '2025-06-03', 'Half-Day', '09:00:00', '13:00:00'),
(903, 146, '2025-06-04', 'Present', '09:11:00', '17:15:00'),
(904, 146, '2025-06-05', 'Present', '09:18:00', '17:25:00'),
(905, 146, '2025-06-06', 'Absent', NULL, NULL),
(906, 146, '2025-06-09', 'Leave', NULL, NULL),
(907, 146, '2025-06-10', 'Present', '09:19:00', '17:17:00'),
(908, 146, '2025-06-11', 'Present', '09:23:00', '17:10:00'),
(909, 146, '2025-06-12', 'Present', '09:17:00', '17:02:00'),
(910, 146, '2025-06-13', 'Present', '09:15:00', '17:12:00'),
(911, 146, '2025-06-16', 'Absent', NULL, NULL),
(912, 146, '2025-06-17', 'Leave', NULL, NULL),
(913, 146, '2025-06-18', 'Present', '09:05:00', '17:00:00'),
(914, 146, '2025-06-19', 'Present', '09:12:00', '17:08:00'),
(915, 146, '2025-06-20', 'Half-Day', '09:00:00', '13:00:00'),
(916, 146, '2025-06-23', 'Present', '09:14:00', '17:10:00'),
(917, 146, '2025-06-24', 'Present', '09:21:00', '17:11:00'),
(918, 146, '2025-06-25', 'Absent', NULL, NULL),
(919, 146, '2025-06-26', 'Leave', NULL, NULL),
(920, 146, '2025-06-27', 'Present', '09:25:00', '17:06:00'),

(921, 147, '2025-06-02', 'Present', '09:16:00', '17:12:00'),
(922, 147, '2025-06-03', 'Present', '09:20:00', '17:20:00'),
(923, 147, '2025-06-04', 'Absent', NULL, NULL),
(924, 147, '2025-06-05', 'Present', '09:10:00', '17:08:00'),
(925, 147, '2025-06-06', 'Present', '09:08:00', '17:03:00'),
(926, 147, '2025-06-09', 'Half-Day', '09:00:00', '13:00:00'),
(927, 147, '2025-06-10', 'Present', '09:12:00', '17:05:00'),
(928, 147, '2025-06-11', 'Leave', NULL, NULL),
(929, 147, '2025-06-12', 'Present', '09:09:00', '17:11:00'),
(930, 147, '2025-06-13', 'Present', '09:23:00', '17:14:00'),
(931, 147, '2025-06-16', 'Absent', NULL, NULL),
(932, 147, '2025-06-17', 'Present', '09:18:00', '17:15:00'),
(933, 147, '2025-06-18', 'Present', '09:16:00', '17:18:00'),
(934, 147, '2025-06-19', 'Present', '09:12:00', '17:26:00'),
(935, 147, '2025-06-20', 'Leave', NULL, NULL),
(936, 147, '2025-06-23', 'Present', '09:10:00', '17:09:00'),
(937, 147, '2025-06-24', 'Absent', NULL, NULL),
(938, 147, '2025-06-25', 'Present', '09:13:00', '17:10:00'),
(939, 147, '2025-06-26', 'Half-Day', '09:00:00', '13:00:00'),
(940, 147, '2025-06-27', 'Present', '09:06:00', '17:07:00'),

(941, 148, '2025-06-02', 'Leave', NULL, NULL),
(942, 148, '2025-06-03', 'Absent', NULL, NULL),
(943, 148, '2025-06-04', 'Present', '09:03:00', '17:06:00'),
(944, 148, '2025-06-05', 'Present', '09:12:00', '17:11:00'),
(945, 148, '2025-06-06', 'Present', '09:15:00', '17:17:00'),
(946, 148, '2025-06-09', 'Present', '09:17:00', '17:10:00'),
(947, 148, '2025-06-10', 'Half-Day', '09:00:00', '13:00:00'),
(948, 148, '2025-06-11', 'Leave', NULL, NULL),
(949, 148, '2025-06-12', 'Present', '09:14:00', '17:02:00'),
(950, 148, '2025-06-13', 'Present', '09:06:00', '17:12:00'),
(951, 148, '2025-06-16', 'Absent', NULL, NULL),
(952, 148, '2025-06-17', 'Present', '09:18:00', '17:05:00'),
(953, 148, '2025-06-18', 'Present', '09:11:00', '17:21:00'),
(954, 148, '2025-06-19', 'Present', '09:13:00', '17:16:00'),
(955, 148, '2025-06-20', 'Leave', NULL, NULL),
(956, 148, '2025-06-23', 'Present', '09:10:00', '17:15:00'),
(957, 148, '2025-06-24', 'Present', '09:08:00', '17:04:00'),
(958, 148, '2025-06-25', 'Half-Day', '09:00:00', '13:00:00'),
(959, 148, '2025-06-26', 'Present', '09:17:00', '17:09:00'),
(960, 148, '2025-06-27', 'Absent', NULL, NULL),

(961, 149, '2025-06-02', 'Present', '09:09:00', '17:10:00'),
(962, 149, '2025-06-03', 'Leave', NULL, NULL),
(963, 149, '2025-06-04', 'Present', '09:08:00', '17:11:00'),
(964, 149, '2025-06-05', 'Absent', NULL, NULL),
(965, 149, '2025-06-06', 'Present', '09:05:00', '17:01:00'),
(966, 149, '2025-06-09', 'Half-Day', '09:00:00', '13:00:00'),
(967, 149, '2025-06-10', 'Present', '09:14:00', '17:17:00'),
(968, 149, '2025-06-11', 'Present', '09:06:00', '17:13:00'),
(969, 149, '2025-06-12', 'Present', '09:15:00', '17:08:00'),
(970, 149, '2025-06-13', 'Leave', NULL, NULL),
(971, 149, '2025-06-16', 'Absent', NULL, NULL),
(972, 149, '2025-06-17', 'Present', '09:17:00', '17:19:00'),
(973, 149, '2025-06-18', 'Present', '09:13:00', '17:04:00'),
(974, 149, '2025-06-19', 'Present', '09:12:00', '17:06:00'),
(975, 149, '2025-06-20', 'Present', '09:09:00', '17:02:00'),
(976, 149, '2025-06-23', 'Leave', NULL, NULL),
(977, 149, '2025-06-24', 'Present', '09:11:00', '17:16:00'),
(978, 149, '2025-06-25', 'Absent', NULL, NULL),
(979, 149, '2025-06-26', 'Present', '09:07:00', '17:05:00'),
(980, 149, '2025-06-27', 'Present', '09:16:00', '17:20:00'),

(981, 150, '2025-06-02', 'Present', '09:03:00', '17:04:00'),
(982, 150, '2025-06-03', 'Present', '09:06:00', '17:02:00'),
(983, 150, '2025-06-04', 'Leave', NULL, NULL),
(984, 150, '2025-06-05', 'Present', '09:10:00', '17:00:00'),
(985, 150, '2025-06-06', 'Absent', NULL, NULL),
(986, 150, '2025-06-09', 'Present', '09:16:00', '17:11:00'),
(987, 150, '2025-06-10', 'Present', '09:21:00', '17:12:00'),
(988, 150, '2025-06-11', 'Leave', NULL, NULL),
(989, 150, '2025-06-12', 'Present', '09:12:00', '17:20:00'),
(990, 150, '2025-06-13', 'Present', '09:17:00', '17:25:00'),
(991, 150, '2025-06-16', 'Present', '09:19:00', '17:14:00'),
(992, 150, '2025-06-17', 'Half-Day', '09:00:00', '13:00:00'),
(993, 150, '2025-06-18', 'Present', '09:14:00', '17:18:00'),
(994, 150, '2025-06-19', 'Absent', NULL, NULL),
(995, 150, '2025-06-20', 'Present', '09:09:00', '17:03:00'),
(996, 150, '2025-06-23', 'Leave', NULL, NULL),
(997, 150, '2025-06-24', 'Present', '09:06:00', '17:14:00'),
(998, 150, '2025-06-25', 'Present', '09:18:00', '17:16:00'),
(999, 150, '2025-06-26', 'Present', '09:08:00', '17:17:00'),
(1000, 150, '2025-06-27', 'Half-Day', '09:00:00', '13:00:00');


select * from attendance;

CREATE TABLE Salary 
    (salary_id INT PRIMARY KEY AUTO_INCREMENT,
    employee_id INT,
    month_year DATE NOT NULL,
    basic_pay DECIMAL(10, 2) NOT NULL,
    hra DECIMAL(10, 2) DEFAULT 0,
    allowances DECIMAL(10, 2) DEFAULT 0,
    deductions DECIMAL(10, 2) DEFAULT 0,
    tax DECIMAL(10, 2) DEFAULT 0,
    net_salary DECIMAL(10, 2) GENERATED ALWAYS AS
    (basic_pay + hra + allowances - deductions - tax) STORED,
    status VARCHAR(20),
    FOREIGN KEY (employee_id) REFERENCES Employee(employee_id));
USE HR_PAYROLL_system;

INSERT INTO Salary (
    employee_id, month_year, basic_pay, hra, allowances, deductions, tax, status
) VALUES
('101', '2025-07-01', 30000.00, 6000.00, 2500.00, 1000.00, 2000.00, 'Paid'),
('102', '2025-07-01', 65000.00, 8000.00, 3000.00, 2000.00, 3000.00, 'Paid'),
('103', '2025-07-01', 31000.00, 5000.00, 2500.00, 800.00, 1800.00, 'Paid'),
('104', '2025-07-01', 24000.00, 4000.00, 2000.00, 500.00, 1400.00, 'Paid'),
('105', '2025-07-01', 46000.00, 5000.00, 2500.00, 1000.00, 2000.00, 'Paid'),
('106', '2025-07-01', 36000.00, 5000.00, 2000.00, 1000.00, 2000.00, 'Paid'),
('107', '2025-07-01', 37000.00, 4000.00, 2000.00, 1500.00, 2000.00, 'Paid'),
('108', '2025-07-01', 58000.00, 6000.00, 3000.00, 1500.00, 2000.00, 'Paid'),
('109', '2025-07-01', 45000.00, 5000.00, 2000.00, 1000.00, 1500.00, 'Paid'),
('110', '2025-07-01', 47000.00, 6000.00, 3000.00, 1200.00, 1800.00, 'Paid'),
('111', '2025-07-01', 51000.00, 5000.00, 2000.00, 1500.00, 2000.00, 'Paid'),
('112', '2025-07-01', 60000.00, 7000.00, 2500.00, 1800.00, 3000.00, 'Paid'),
('113', '2025-07-01', 50000.00, 6000.00, 3000.00, 1500.00, 2000.00, 'Paid'),
('114', '2025-07-01', 38000.00, 4000.00, 2000.00, 1000.00, 1000.00, 'Paid'),
('115', '2025-07-01', 26000.00, 3000.00, 1500.00, 1000.00, 1000.00, 'Paid'),
('116', '2025-07-01', 70000.00, 7000.00, 2500.00, 3000.00, 4000.00, 'Paid'),
('117', '2025-07-01', 47000.00, 5000.00, 2000.00, 1200.00, 1800.00, 'Paid'),
('118', '2025-07-01', 74000.00, 7000.00, 3000.00, 2000.00, 4000.00, 'Paid'),
('119', '2025-07-01', 49000.00, 5000.00, 2500.00, 1200.00, 1800.00, 'Paid'),
('120', '2025-07-01', 61000.00, 8000.00, 3000.00, 1500.00, 3000.00, 'Paid'),
('121', '2025-07-01', 46000.00, 5000.00, 2000.00, 1200.00, 2000.00, 'Paid'),
('122', '2025-07-01', 35000.00, 4000.00, 2000.00, 1000.00, 1500.00, 'Paid'),
('123', '2025-07-01', 53000.00, 6000.00, 2500.00, 2000.00, 3000.00, 'Paid'),
('124', '2025-07-01', 63000.00, 7000.00, 3000.00, 2500.00, 3500.00, 'Paid'),
('125', '2025-07-01', 72000.00, 8000.00, 4000.00, 3000.00, 5000.00, 'Paid'),
('126', '2025-07-01', 64000.00, 7000.00, 3000.00, 2000.00, 4000.00, 'Paid'),
('127', '2025-07-01', 62000.00, 7000.00, 3000.00, 2000.00, 3500.00, 'Paid'),
('128', '2025-07-01', 33000.00, 4000.00, 1500.00, 800.00, 1200.00, 'Paid'),
('129', '2025-07-01', 44000.00, 5000.00, 2000.00, 1500.00, 1800.00, 'Paid'),
('130', '2025-07-01', 24000.00, 3000.00, 1500.00, 800.00, 1000.00, 'Paid'),
('131', '2025-07-01', 53000.00, 6000.00, 2500.00, 1800.00, 2800.00, 'Paid'),
('132', '2025-07-01', 69000.00, 8000.00, 4000.00, 3000.00, 4500.00, 'Paid'),
('133', '2025-07-01', 54000.00, 6000.00, 3000.00, 2000.00, 2500.00, 'Paid'),
('134', '2025-07-01', 48000.00, 5000.00, 2500.00, 1500.00, 2200.00, 'Paid'),
('135', '2025-07-01', 51000.00, 6000.00, 3000.00, 1800.00, 2000.00, 'Paid'),
('136', '2025-07-01', 67000.00, 7000.00, 3000.00, 2200.00, 3000.00, 'Paid'),
('137', '2025-07-01', 70000.00, 8000.00, 3000.00, 2500.00, 3500.00, 'Paid'),
('138', '2025-07-01', 47000.00, 5000.00, 2500.00, 1800.00, 2000.00, 'Paid'),
('139', '2025-07-01', 59000.00, 7000.00, 3000.00, 2500.00, 3000.00, 'Paid'),
('140', '2025-07-01', 41000.00, 4000.00, 2000.00, 1200.00, 1500.00, 'Paid'),
('141', '2025-07-01', 32000.00, 4000.00, 1500.00, 800.00, 1200.00, 'Paid'),
('142', '2025-07-01', 26000.00, 3000.00, 1500.00, 600.00, 1000.00, 'Paid'),
('143', '2025-07-01', 58000.00, 7000.00, 3000.00, 2000.00, 2500.00, 'Paid'),
('144', '2025-07-01', 34000.00, 4000.00, 1500.00, 800.00, 1000.00, 'Paid'),
('145', '2025-07-01', 63000.00, 7000.00, 2500.00, 2000.00, 3000.00, 'Paid'),
('146', '2025-07-01', 57000.00, 6000.00, 3000.00, 1500.00, 2500.00, 'Paid'),
('147', '2025-07-01', 58000.00, 7000.00, 3000.00, 2000.00, 3000.00, 'Paid'),
('148', '2025-07-01', 25000.00, 3000.00, 1500.00, 800.00, 1000.00, 'Paid'),
('149', '2025-07-01', 69000.00, 8000.00, 3000.00, 2500.00, 4000.00, 'Paid'),
('150', '2025-07-01', 48000.00, 6000.00, 2500.00, 2000.00, 2500.00, 'Paid');

CREATE TABLE LeaveRecords (
    leave_id INT PRIMARY KEY AUTO_INCREMENT,
    employee_id INT NOT NULL,
    leave_type VARCHAR(50),
    start_date DATE NOT NULL,
    end_date DATE NOT NULL,
    reason TEXT,
    status VARCHAR(20) DEFAULT 'Pending',
    FOREIGN KEY (employee_id) REFERENCES Employee(employee_id)
);


INSERT INTO LeaveRecords (employee_id, leave_type, start_date, end_date, reason, status) VALUES
(101, 'Sick', '2025-07-02', '2025-07-03', 'Flu symptoms', 'Approved'),
(102, 'Casual', '2025-07-06', '2025-07-06', 'Bank work', 'Approved'),
(103, 'Earned', '2025-07-16', '2025-07-18', 'Family event', 'Pending'),
(104, 'Sick', '2025-07-04', '2025-07-04', 'Fever', 'Approved'),
(105, 'Casual', '2025-07-07', '2025-07-07', 'Personal work', 'Approved'),
(106, 'Maternity', '2025-07-01', '2025-07-10', 'Maternity phase', 'Approved'),
(107, 'Earned', '2025-07-17', '2025-07-19', 'Annual leave', 'Pending'),
(108, 'Sick', '2025-07-03', '2025-07-04', 'Cold and cough', 'Approved'),
(109, 'Casual', '2025-07-08', '2025-07-08', 'Home function', 'Approved'),
(110, 'Earned', '2025-07-18', '2025-07-20', 'Pilgrimage', 'Pending'),
(111, 'Sick', '2025-07-05', '2025-07-06', 'Flu', 'Approved'),
(112, 'Casual', '2025-07-09', '2025-07-09', 'Family errand', 'Approved'),
(113, 'Earned', '2025-07-20', '2025-07-22', 'Out of station', 'Pending'),
(114, 'Sick', '2025-07-04', '2025-07-04', 'Migraine', 'Approved'),
(115, 'Casual', '2025-07-16', '2025-07-17', 'College visit', 'Pending'),
(116, 'Maternity', '2025-07-01', '2025-07-15', 'Prenatal leave', 'Approved'),
(117, 'Sick', '2025-07-03', '2025-07-03', 'Checkup', 'Approved'),
(118, 'Casual', '2025-07-21', '2025-07-22', 'Home function', 'Pending'),
(119, 'Earned', '2025-07-02', '2025-07-06', 'Vacation', 'Approved'),
(120, 'Sick', '2025-07-09', '2025-07-10', 'Surgery recovery', 'Approved'),
(121, 'Casual', '2025-07-23', '2025-07-24', 'Home function', 'Pending'),
(122, 'Earned', '2025-07-11', '2025-07-13', 'Travel plan', 'Approved'),
(123, 'Sick', '2025-07-05', '2025-07-05', 'Viral fever', 'Approved'),
(124, 'Casual', '2025-07-08', '2025-07-08', 'Marriage function', 'Approved'),
(125, 'Earned', '2025-07-19', '2025-07-21', 'Short trip', 'Pending'),
(126, 'Sick', '2025-07-04', '2025-07-05', 'Cold', 'Approved'),
(127, 'Casual', '2025-07-06', '2025-07-06', 'Festival', 'Approved'),
(128, 'Earned', '2025-07-22', '2025-07-24', 'Tour plan', 'Pending'),
(129, 'Sick', '2025-07-03', '2025-07-04', 'Medical emergency', 'Approved'),
(130, 'Casual', '2025-07-07', '2025-07-07', 'Bank work', 'Approved'),
(131, 'Earned', '2025-07-16', '2025-07-18', 'Vacation with kids', 'Pending'),
(132, 'Sick', '2025-07-05', '2025-07-06', 'High fever', 'Approved'),
(133, 'Casual', '2025-07-08', '2025-07-08', 'Parental visit', 'Approved'),
(134, 'Earned', '2025-07-23', '2025-07-25', 'Long weekend trip', 'Pending'),
(135, 'Sick', '2025-07-02', '2025-07-03', 'Doctor advised rest', 'Approved'),
(136, 'Casual', '2025-07-07', '2025-07-07', 'Bill payments', 'Approved'),
(137, 'Earned', '2025-07-20', '2025-07-22', 'Home trip', 'Pending'),
(138, 'Sick', '2025-07-03', '2025-07-04', 'Flu and weakness', 'Approved'),
(139, 'Casual', '2025-07-09', '2025-07-09', 'Work from home', 'Approved'),
(140, 'Earned', '2025-07-17', '2025-07-19', 'Resort trip', 'Pending'),
(141, 'Sick', '2025-07-06', '2025-07-07', 'Doctor appointment', 'Approved'),
(142, 'Casual', '2025-07-10', '2025-07-10', 'Family time', 'Approved'),
(143, 'Earned', '2025-07-21', '2025-07-23', 'School holidays', 'Pending'),
(144, 'Sick', '2025-07-05', '2025-07-06', 'Seasonal fever', 'Approved'),
(145, 'Casual', '2025-07-08', '2025-07-08', 'Shopping and errands', 'Approved'),
(146, 'Earned', '2025-07-22', '2025-07-24', 'Extended weekend', 'Pending'),
(147, 'Sick', '2025-07-03', '2025-07-03', 'Cough and cold', 'Approved'),
(148, 'Casual', '2025-07-07', '2025-07-07', 'Family outing', 'Approved'),
(149, 'Earned', '2025-07-20', '2025-07-21', 'Holiday trip', 'Pending'),
(150, 'Sick', '2025-07-05', '2025-07-06', 'Medical treatment', 'Approved');

CREATE TABLE Performance (
    performance_id INT PRIMARY KEY AUTO_INCREMENT,
    employee_id INT NOT NULL,
    review_date DATE NOT NULL,
    reviewer_name VARCHAR(100),
    score DECIMAL(3,1) CHECK (score BETWEEN 0 AND 5),
    remarks TEXT,
    FOREIGN KEY (employee_id) REFERENCES Employee(employee_id)
);

INSERT INTO Performance (employee_id, review_date, reviewer_name, score, remarks) VALUES
(101, '2025-06-30', 'Neha Sharma', 4.5, 'Excellent team collaboration and consistency.'),
(102, '2025-06-30', 'Amit Kapoor', 3.8, 'Meets expectations, reliable work ethic.'),
(103, '2025-06-30', 'Neha Sharma', 4.1, 'Shows initiative and learns quickly.'),
(104, '2025-06-30', 'Raj Mehta', 3.2, 'Performance needs improvement in deadlines.'),
(105, '2025-06-30', 'Sneha Salvi', 4.3, 'Strong ownership of tasks and timely delivery.'),
(106, '2025-06-30', 'Anjali Rana', 4.0, 'Technically sound with attention to detail.'),
(107, '2025-06-30', 'Rohit Mehta', 2.9, 'Inconsistent attendance affected delivery.'),
(108, '2025-06-30', 'Meena Joshi', 3.7, 'Supportive to team members and responsive.'),
(109, '2025-06-30', 'Rohit Naik', 3.4, 'Good at planning, needs faster execution.'),
(110, '2025-06-30', 'Divya Desai', 4.2, 'Reliable and disciplined throughout the year.'),
(111, '2025-06-30', 'Karan Rana', 3.6, 'Satisfactory performance and meets targets.'),
(112, '2025-06-30', 'Divya Iyer', 4.4, 'Takes initiative and handles tasks independently.'),
(113, '2025-06-30', 'Sneha Joshi', 2.8, 'Needs better focus on team communication.'),
(114, '2025-06-30', 'Raj Rana', 3.9, 'Stable performer with consistent results.'),
(115, '2025-06-30', 'Rohit Kapoor', 3.3, 'Improvement needed in documentation.'),
(116, '2025-06-30', 'Neha Kapoor', 4.7, 'Outstanding leadership during projects.'),
(117, '2025-06-30', 'Raj Mehta', 3.1, 'Delivers well but needs more technical depth.'),
(118, '2025-06-30', 'Divya Desai', 3.5, 'Good communication and task follow-up.'),
(119, '2025-06-30', 'Neha Sharma', 4.0, 'Quick learner and dependable resource.'),
(120, '2025-06-30', 'Meena Kapoor', 3.6, 'Delivers assigned work efficiently.'),
(121, '2025-06-30', 'Sneha Sharma', 3.2, 'Better consistency needed in output.'),
(122, '2025-06-30', 'Raj Kapoor', 4.1, 'Shows strong ownership in tasks.'),
(123, '2025-06-30', 'Divya Joshi', 3.4, 'Average performance with room to grow.'),
(124, '2025-06-30', 'Karan Iyer', 3.9, 'Organized and manages workload effectively.'),
(125, '2025-06-30', 'Meena Joshi', 2.9, 'Should focus on meeting project timelines.'),
(126, '2025-06-30', 'Neha Sharma', 4.6, 'Dependable and great team player.'),
(127, '2025-06-30', 'Rohit Mehta', 3.0, 'Misses deadlines, needs coaching.'),
(128, '2025-06-30', 'Sneha Salvi', 4.2, 'Highly proactive and responsive.'),
(129, '2025-06-30', 'Meena Kapoor', 3.7, 'Good attitude and collaborative spirit.'),
(130, '2025-06-30', 'Amit Sharma', 3.3, 'Improvement needed in reporting accuracy.'),
(131, '2025-06-30', 'Karan Kapoor', 4.3, 'Excellent contributor to finance team.'),
(132, '2025-06-30', 'Sneha Joshi', 3.5, 'Stable contributor, needs more initiatives.'),
(133, '2025-06-30', 'Anjali Rana', 4.0, 'Strong analytical capabilities.'),
(134, '2025-06-30', 'Meena Sharma', 3.1, 'Should enhance cross-team communication.'),
(135, '2025-06-30', 'Raj Rana', 4.4, 'Exceptional performance under pressure.'),
(136, '2025-06-30', 'Sneha Salvi', 3.6, 'Completed tasks as assigned.'),
(137, '2025-06-30', 'Rohit Nair', 3.3, 'Needs better accuracy and attention.'),
(138, '2025-06-30', 'Neha Kapoor', 4.1, 'Adapts quickly and solves problems.'),
(139, '2025-06-30', 'Anjali Bose', 3.8, 'Manages workload independently.'),
(140, '2025-06-30', 'Karan Joshi', 2.7, 'Training required for technical tasks.'),
(141, '2025-06-30', 'Divya Kapoor', 4.2, 'Takes ownership and mentors juniors.'),
(142, '2025-06-30', 'Meena Mehta', 3.5, 'Good with cross-functional teams.'),
(143, '2025-06-30', 'Raj Kapoor', 4.3, 'Consistently exceeds expectations.'),
(144, '2025-06-30', 'Sneha Sharma', 3.0, 'Needs improvement in punctuality.'),
(145, '2025-06-30', 'Karan Rana', 3.9, 'Brings strong ideas to the team.'),
(146, '2025-06-30', 'Anjali Desai', 3.2, 'Basic performance, room for improvement.'),
(147, '2025-06-30', 'Divya Iyer', 4.5, 'Inspires and leads efficiently.'),
(148, '2025-06-30', 'Neha Kapoor', 4.1, 'Excellent multitasking ability.'),
(149, '2025-06-30', 'Raj Mehta', 2.8, 'Fails to meet some deadlines.'),
(150, '2025-06-30', 'Rohit Naik', 3.4, 'Average performer with good attitude.');

-- 1. Identifies employees who are absent too often and underperforming  useful for HR interventions. --

SELECT 
    e.employee_id,
    CONCAT(e.first_name, ' ', e.last_name) AS employee_name,
    COUNT(a.attendance_id) AS total_absents,
    p.score AS performance_score
FROM 
    Employees e
JOIN Attendance a ON e.employee_id = a.employee_id
JOIN Performance p ON e.employee_id = p.employee_id
WHERE 
    a.status = 'Absent'
GROUP BY 
    e.employee_id, employee_name, p.score
HAVING 
    total_absents > 2 AND p.score < 3.5
ORDER BY 
    total_absents DESC;
    use hr_payroll_system;
    
rename table performnace to performance;

-- 2. Highlights departments where salary generation is missing  useful for payroll checks. --

SELECT 
    e.department,
    COUNT(e.employee_id) AS total_employees,
    COUNT(s.salary_id) AS paid_salaries
FROM 
    Employees e
LEFT JOIN Salary s ON e.employee_id = s.employee_id AND s.month_year = '2025-07-01'
GROUP BY 
    e.department; 
-- 3. leave types most commonly taken by each department --
SELECT 
    e.department,
    l.leave_type,
    COUNT(*) AS total_leaves
FROM 
    LeaveRecords l
JOIN Employees e ON l.employee_id = e.employee_id
GROUP BY 
    e.department, l.leave_type
ORDER BY 
    e.department, total_leaves DESC;
-

    
    
    --  4. Find department-wise average performance and salary --
    SELECT 
    e.department,
    ROUND(AVG(p.score), 2) AS avg_performance_score,
    ROUND(AVG(e.salary), 2) AS avg_salary
FROM 
    Employees e
JOIN Performance p ON e.employee_id = p.employee_id
GROUP BY 
    e.department
ORDER BY 
    avg_performance_score DESC;

    
-- 5.  Find employees who got high performance ratings but low salary -- 
SELECT 
    e.employee_id,
    CONCAT(e.first_name, ' ', e.last_name) AS employee_name,
    e.department,
    ROUND(p.score, 1) AS performance_score,
    s.basic_pay,
    s.net_salary
FROM 
    Employees e
JOIN Performance p ON e.employee_id = p.employee_id
JOIN Salary s ON e.employee_id = s.employee_id
WHERE 
    p.score >= 4.2
    AND s.net_salary < 40000
    AND s.month_year = '2025-07-01'
ORDER BY 
    p.score DESC, s.net_salary ASC;

-- SUBQUERY --
-- 1.Detects underpaid employees within each department  useful for HR reviews or pay parity checks
SELECT 
    employee_id,
    CONCAT(first_name, ' ', last_name) AS employee_name,
    department,
    salary
FROM 
    Employees
WHERE 
    salary < (
        SELECT AVG(salary)
        FROM Employees AS dept_avg
        WHERE dept_avg.department = Employees.department
    );
 
-- 2 Show the names of employees who earn the highest salary from the salary table
SELECT first_name, last_name
FROM Employees
WHERE employee_id IN (
    SELECT employee_id
    FROM salary
    WHERE net_salary = (
        SELECT MAX(net_salary) FROM salary
    )
);


select * from leaveRecords;
-- 3  List departments where at least one employee has a salary above 60,000.
SELECT DISTINCT department,salary
FROM Employees
WHERE employee_id IN (
    SELECT employee_id
    FROM salary
    WHERE net_salary > 60000
);

-- 4. Find employees who took leave on the day when the maximum number of leaves were recorded.
SELECT employee_id, status
FROM Attendance
WHERE status = 'Leave'
  AND date = (
      SELECT date
      FROM Attendance
      WHERE status = 'Leave'
      GROUP BY date
      ORDER BY COUNT(*) DESC
      LIMIT 1
  );


-- 5 Fetch employees whose basic pay is more than the average basic pay
SELECT employee_id, basic_pay
FROM salary
WHERE basic_pay > (
    SELECT AVG(basic_pay) FROM salary
);



--
    
    desc employees;
    desc attendance;
    desc leaverecords;
    desc performance;
    desc salary;
    
    CREATE DATABASE hr_and_payroll_management_system;
    
    CREATE DATABASE hr_payroll_system;
    
RENAME TABLE project9.employee TO hr_payroll_system.employees;
RENAME TABLE project9.attendance TO hr_payroll_system.attendance;
RENAME TABLE project9.monthlysalary TO hr_payroll_system.salary;
RENAME TABLE project9.leaverecords TO hr_payroll_system.leaverecords;
RENAME TABLE project9.performance TO hr_payroll_system.performnace;

use hr_payroll_system;
show tables;

select * from employees;
select * from attendance;
select * from leaverecords;
select * from performnace;
select * from salary;

ALTER TABLE LeaveRecords
DROP COLUMN applied_on;

-- BAIS queries --

-- 1. Which departments exist in the Employee table?
SELECT DISTINCT
    department
FROM
    Employees;

-- 2. List all the days an employee was marked present in June 2025
SELECT *
FROM Attendance
WHERE employee_id = 102
  AND status = 'Present'
  AND date BETWEEN '2025-06-01' AND '2025-06-30';

-- 3.  list all salaries in descending order without showing duplicate values?
SELECT DISTINCT net_salary
FROM salary
ORDER BY net_salary DESC;

-- 4. find out which employees have never applied for or taken leave, based on attendance data?
SELECT employee_id, first_name, last_name
FROM Employees
WHERE employee_id NOT IN (
    SELECT DISTINCT employee_id
    FROM Attendance
    WHERE status = 'Leave'
);
-- 5.  identify the number of days each employee was unavailable for work, based on attendance records?
SELECT employee_id, COUNT(*) AS total_absent_days
FROM Attendance
WHERE status = 'Absent'
GROUP BY employee_id;

-- 6. Find the dates on which employee 103 was either present or marked half day.
SELECT date, status
FROM Attendance
WHERE employee_id = 103 AND status IN ('Present', 'Half Day');

-- 7. How can you check which employees have any kind of attendance record on July 5, 2025  without 
-- caring whether they were present, absent, or on leave? 

SELECT DISTINCT employee_id
FROM Attendance
WHERE date = '2025-06-05';


